tissue	chrom	start_bin	end_bin	cate	contact_num
17	2	25	36	A	30432
17	2	59	61	A	3956
17	2	70	80	A	57317
17	2	90	94	A	3651
17	2	102	106	A	7657
17	2	115	116	A	1995
17	2	117	149	A	300762
17	2	151	177	A	155132
17	2	178	180	A	2776
17	2	0	25	B	241636
17	2	36	59	B	190234
17	2	61	70	B	50228
17	2	80	90	B	42161
17	2	94	102	B	33465
17	2	106	115	B	32243
17	2	116	117	B	2091
17	2	149	151	B	2815
17	2	177	178	B	3773
17	4	11	14	A	10330
17	4	32	34	A	3315
17	4	41	49	A	13236
17	4	53	64	A	28680
17	4	82	89	A	19024
17	4	98	110	A	46291
17	4	116	144	A	101048
17	4	148	154	A	10480
17	4	0	11	B	47843
17	4	14	32	B	113200
17	4	34	41	B	24550
17	4	49	53	B	12695
17	4	64	82	B	113276
17	4	89	98	B	29292
17	4	110	116	B	10749
17	4	144	148	B	6425
17	5	24	26	A	2544
17	5	28	38	A	28671
17	5	64	67	A	4836
17	5	73	77	A	8949
17	5	99	104	A	12801
17	5	106	108	A	3671
17	5	110	145	A	133753
17	5	146	149	A	6598
17	5	0	24	B	184320
17	5	26	28	B	2394
17	5	38	64	B	178815
17	5	67	73	B	16883
17	5	77	99	B	119940
17	5	104	106	B	3772
17	5	108	110	B	2620
17	5	145	146	B	2422
17	6	29	40	A	31452
17	6	48	55	A	14656
17	6	71	73	A	2204
17	6	83	102	A	89766
17	6	108	109	A	1368
17	6	112	121	A	17535
17	6	125	129	A	4888
17	6	134	138	A	8128
17	6	139	147	A	29611
17	6	0	29	B	330470
17	6	40	48	B	21873
17	6	55	71	B	79083
17	6	73	83	B	32210
17	6	102	108	B	17080
17	6	109	112	B	4537
17	6	121	125	B	6233
17	6	129	134	B	14820
17	6	138	139	B	2419
17	8	10	15	A	6464
17	8	22	27	A	7236
17	8	33	37	A	10895
17	8	45	48	A	5163
17	8	69	73	A	3369
17	8	78	81	A	7776
17	8	83	96	A	47068
17	8	104	127	A	110470
17	8	0	10	B	28727
17	8	15	22	B	14876
17	8	27	33	B	19392
17	8	37	45	B	27899
17	8	48	69	B	169070
17	8	73	78	B	15622
17	8	81	83	B	3792
17	8	96	104	B	27089
17	9	21	22	A	1053
17	9	42	74	A	193308
17	9	96	122	A	112641
17	9	0	21	B	240484
17	9	22	42	B	168699
17	9	74	96	B	128345
17	11	0	7	A	4674
17	11	50	56	A	9463
17	11	57	72	A	41561
17	11	75	89	A	52659
17	11	94	120	A	152415
17	11	7	50	B	537273
17	11	56	57	B	1409
17	11	72	75	B	5751
17	11	89	94	B	15520
17	15	7	9	A	1986
17	15	11	13	A	2067
17	15	27	28	A	1411
17	15	31	33	A	2742
17	15	34	40	A	12664
17	15	58	60	A	1116
17	15	62	64	A	1786
17	15	73	102	A	123024
17	15	0	7	B	11342
17	15	9	11	B	1820
17	15	13	27	B	50428
17	15	28	31	B	6162
17	15	33	34	B	1535
17	15	40	58	B	63154
17	15	60	62	B	1711
17	15	64	73	B	26457
17	17	4	13	A	40088
17	17	14	15	A	1682
17	17	24	36	A	29559
17	17	44	50	A	8981
17	17	66	68	A	3892
17	17	70	76	A	15941
17	17	78	88	A	34575
17	17	0	4	B	3467
17	17	13	14	B	1287
17	17	15	24	B	36214
17	17	36	44	B	25962
17	17	50	66	B	60555
17	17	68	70	B	4551
17	17	76	78	B	4138
17	17	88	92	B	14269
17	19	0	7	A	3073
17	19	10	11	A	1677
17	19	24	32	A	18584
17	19	41	49	A	15586
17	19	53	59	A	12116
17	19	7	10	B	3694
17	19	11	24	B	48792
17	19	32	41	B	26872
17	19	49	53	B	9467
33	2	25	36	A	49856
33	2	59	61	A	3546
33	2	70	80	A	59365
33	2	90	94	A	4720
33	2	102	106	A	10903
33	2	115	116	A	1976
33	2	117	149	A	240141
33	2	151	177	A	164788
33	2	178	180	A	1640
33	2	0	25	B	396529
33	2	36	59	B	318735
33	2	61	70	B	41956
33	2	80	90	B	38297
33	2	94	102	B	28105
33	2	106	115	B	47103
33	2	116	117	B	1804
33	2	149	151	B	1852
33	2	177	178	B	2691
33	4	11	14	A	14831
33	4	32	34	A	6661
33	4	41	49	A	19990
33	4	53	64	A	32775
33	4	82	89	A	30038
33	4	98	110	A	50982
33	4	116	144	A	157324
33	4	148	154	A	13925
33	4	0	11	B	57427
33	4	14	32	B	188482
33	4	34	41	B	41476
33	4	49	53	B	10991
33	4	64	82	B	106126
33	4	89	98	B	54307
33	4	110	116	B	8164
33	4	144	148	B	9635
33	5	24	26	A	3716
33	5	28	38	A	28848
33	5	64	67	A	4824
33	5	73	77	A	8582
33	5	99	104	A	14974
33	5	106	108	A	4422
33	5	110	145	A	200673
33	5	146	149	A	6556
33	5	0	24	B	194536
33	5	26	28	B	3195
33	5	38	64	B	214500
33	5	67	73	B	17890
33	5	77	99	B	112276
33	5	104	106	B	5034
33	5	108	110	B	3456
33	5	145	146	B	1429
33	6	29	40	A	53563
33	6	48	55	A	30905
33	6	71	73	A	1592
33	6	83	102	A	83797
33	6	108	109	A	1927
33	6	112	121	A	30945
33	6	125	129	A	9250
33	6	134	138	A	10181
33	6	139	147	A	38689
33	6	0	29	B	401459
33	6	40	48	B	36612
33	6	55	71	B	60030
33	6	73	83	B	27303
33	6	102	108	B	19275
33	6	109	112	B	8204
33	6	121	125	B	6602
33	6	129	134	B	17173
33	6	138	139	B	2684
33	8	10	15	A	14151
33	8	22	27	A	13860
33	8	33	37	A	9582
33	8	45	48	A	4807
33	8	69	73	A	4502
33	8	78	81	A	5324
33	8	83	96	A	42570
33	8	104	127	A	126585
33	8	0	10	B	45262
33	8	15	22	B	18155
33	8	27	33	B	17600
33	8	37	45	B	26038
33	8	48	69	B	113970
33	8	73	78	B	16792
33	8	81	83	B	3093
33	8	96	104	B	26030
33	9	21	22	A	1367
33	9	42	74	A	253498
33	9	96	122	A	144592
33	9	0	21	B	249241
33	9	22	42	B	166397
33	9	74	96	B	101241
33	11	0	7	A	10559
33	11	50	56	A	15752
33	11	57	72	A	41427
33	11	75	89	A	50154
33	11	94	120	A	189023
33	11	7	50	B	594163
33	11	56	57	B	1842
33	11	72	75	B	3712
33	11	89	94	B	21581
33	15	7	9	A	3383
33	15	11	13	A	5109
33	15	27	28	A	2434
33	15	31	33	A	5613
33	15	34	40	A	19069
33	15	58	60	A	2511
33	15	62	64	A	3501
33	15	73	102	A	198527
33	15	0	7	B	18432
33	15	9	11	B	4502
33	15	13	27	B	117068
33	15	28	31	B	10165
33	15	33	34	B	2395
33	15	40	58	B	94971
33	15	60	62	B	3960
33	15	64	73	B	34458
33	17	4	13	A	38459
33	17	14	15	A	2701
33	17	24	36	A	30804
33	17	44	50	A	5315
33	17	66	68	A	3252
33	17	70	76	A	14865
33	17	78	88	A	33570
33	17	0	4	B	3796
33	17	13	14	B	1482
33	17	15	24	B	51637
33	17	36	44	B	25903
33	17	50	66	B	73110
33	17	68	70	B	2436
33	17	76	78	B	4550
33	17	88	92	B	12299
33	19	0	7	A	5203
33	19	10	11	A	1720
33	19	24	32	A	23752
33	19	41	49	A	16798
33	19	53	59	A	14776
33	19	7	10	B	4872
33	19	11	24	B	57804
33	19	32	41	B	24117
33	19	49	53	B	9570
3	2	25	36	A	117435
3	2	59	61	A	15989
3	2	70	80	A	152735
3	2	90	94	A	15563
3	2	102	106	A	29385
3	2	115	116	A	9028
3	2	117	149	A	802068
3	2	151	177	A	510961
3	2	178	180	A	5959
3	2	0	25	B	681990
3	2	36	59	B	543385
3	2	61	70	B	141683
3	2	80	90	B	95116
3	2	94	102	B	78550
3	2	106	115	B	125577
3	2	116	117	B	7523
3	2	149	151	B	7156
3	2	177	178	B	7979
3	4	11	14	A	32423
3	4	32	34	A	15352
3	4	41	49	A	56193
3	4	53	64	A	91326
3	4	82	89	A	60255
3	4	98	110	A	132943
3	4	116	144	A	431581
3	4	148	154	A	40532
3	4	0	11	B	110854
3	4	14	32	B	383003
3	4	34	41	B	81880
3	4	49	53	B	33036
3	4	64	82	B	283241
3	4	89	98	B	90711
3	4	110	116	B	29695
3	4	144	148	B	18231
3	5	24	26	A	8338
3	5	28	38	A	87489
3	5	64	67	A	16546
3	5	73	77	A	28047
3	5	99	104	A	40012
3	5	106	108	A	13533
3	5	110	145	A	708532
3	5	146	149	A	23918
3	5	0	24	B	484725
3	5	26	28	B	8195
3	5	38	64	B	516676
3	5	67	73	B	54914
3	5	77	99	B	316793
3	5	104	106	B	11210
3	5	108	110	B	10087
3	5	145	146	B	4787
3	6	29	40	A	155501
3	6	48	55	A	70770
3	6	71	73	A	6554
3	6	83	102	A	275045
3	6	108	109	A	5523
3	6	112	121	A	76571
3	6	125	129	A	21570
3	6	134	138	A	25113
3	6	139	147	A	95287
3	6	0	29	B	762481
3	6	40	48	B	81053
3	6	55	71	B	203485
3	6	73	83	B	107676
3	6	102	108	B	67654
3	6	109	112	B	20067
3	6	121	125	B	19249
3	6	129	134	B	35542
3	6	138	139	B	7575
3	8	10	15	A	27818
3	8	22	27	A	34678
3	8	33	37	A	24077
3	8	45	48	A	17699
3	8	69	73	A	12412
3	8	78	81	A	21753
3	8	83	96	A	148840
3	8	104	127	A	437956
3	8	0	10	B	85310
3	8	15	22	B	52825
3	8	27	33	B	48683
3	8	37	45	B	83305
3	8	48	69	B	364153
3	8	73	78	B	38590
3	8	81	83	B	11281
3	8	96	104	B	102359
3	9	21	22	A	3643
3	9	42	74	A	807593
3	9	96	122	A	473548
3	9	0	21	B	371592
3	9	22	42	B	382598
3	9	74	96	B	446555
3	11	0	7	A	22352
3	11	50	56	A	49034
3	11	57	72	A	200566
3	11	75	89	A	197787
3	11	94	120	A	660596
3	11	7	50	B	1433004
3	11	56	57	B	5589
3	11	72	75	B	21867
3	11	89	94	B	59008
3	15	7	9	A	9497
3	15	11	13	A	10605
3	15	27	28	A	4595
3	15	31	33	A	10597
3	15	34	40	A	37788
3	15	58	60	A	5854
3	15	62	64	A	9610
3	15	73	102	A	647027
3	15	0	7	B	29222
3	15	9	11	B	9358
3	15	13	27	B	165923
3	15	28	31	B	18463
3	15	33	34	B	4141
3	15	40	58	B	253419
3	15	60	62	B	10894
3	15	64	73	B	76791
3	17	4	13	A	88568
3	17	14	15	A	3950
3	17	24	36	A	118547
3	17	44	50	A	20286
3	17	66	68	A	12547
3	17	70	76	A	41719
3	17	78	88	A	109407
3	17	0	4	B	6621
3	17	13	14	B	2803
3	17	15	24	B	105612
3	17	36	44	B	73128
3	17	50	66	B	180722
3	17	68	70	B	12844
3	17	76	78	B	12508
3	17	88	92	B	37693
3	19	0	7	A	10253
3	19	10	11	A	3715
3	19	24	32	A	97698
3	19	41	49	A	52610
3	19	53	59	A	47434
3	19	7	10	B	11710
3	19	11	24	B	135962
3	19	32	41	B	75072
3	19	49	53	B	30711
12	2	25	36	A	11945
12	2	59	61	A	2085
12	2	70	80	A	19236
12	2	90	94	A	1978
12	2	102	106	A	3092
12	2	115	116	A	775
12	2	117	149	A	88986
12	2	151	177	A	36750
12	2	178	180	A	720
12	2	0	25	B	68026
12	2	36	59	B	78222
12	2	61	70	B	17246
12	2	80	90	B	13061
12	2	94	102	B	10782
12	2	106	115	B	12602
12	2	116	117	B	666
12	2	149	151	B	617
12	2	177	178	B	783
12	4	11	14	A	3953
12	4	32	34	A	1855
12	4	41	49	A	6969
12	4	53	64	A	9207
12	4	82	89	A	9658
12	4	98	110	A	19998
12	4	116	144	A	57296
12	4	148	154	A	4297
12	4	0	11	B	17768
12	4	14	32	B	56406
12	4	34	41	B	12136
12	4	49	53	B	3172
12	4	64	82	B	47119
12	4	89	98	B	17944
12	4	110	116	B	4434
12	4	144	148	B	2608
12	5	24	26	A	1465
12	5	28	38	A	11634
12	5	64	67	A	2724
12	5	73	77	A	3054
12	5	99	104	A	7280
12	5	106	108	A	1302
12	5	110	145	A	59296
12	5	146	149	A	2672
12	5	0	24	B	89881
12	5	26	28	B	1537
12	5	38	64	B	75097
12	5	67	73	B	7910
12	5	77	99	B	49026
12	5	104	106	B	1789
12	5	108	110	B	1234
12	5	145	146	B	549
12	6	29	40	A	15706
12	6	48	55	A	9205
12	6	71	73	A	874
12	6	83	102	A	34175
12	6	108	109	A	608
12	6	112	121	A	9662
12	6	125	129	A	3220
12	6	134	138	A	4863
12	6	139	147	A	13683
12	6	0	29	B	97094
12	6	40	48	B	10505
12	6	55	71	B	23113
12	6	73	83	B	20269
12	6	102	108	B	6902
12	6	109	112	B	2219
12	6	121	125	B	2637
12	6	129	134	B	7740
12	6	138	139	B	1165
12	8	10	15	A	4929
12	8	22	27	A	6095
12	8	33	37	A	3403
12	8	45	48	A	3240
12	8	69	73	A	1604
12	8	78	81	A	2432
12	8	83	96	A	22660
12	8	104	127	A	59207
12	8	0	10	B	14356
12	8	15	22	B	10569
12	8	27	33	B	8598
12	8	37	45	B	11209
12	8	48	69	B	66454
12	8	73	78	B	5470
12	8	81	83	B	1062
12	8	96	104	B	20289
12	9	21	22	A	399
12	9	42	74	A	83843
12	9	96	122	A	57546
12	9	0	21	B	63445
12	9	22	42	B	51637
12	9	74	96	B	61413
12	11	0	7	A	2201
12	11	50	56	A	5339
12	11	57	72	A	18122
12	11	75	89	A	28007
12	11	94	120	A	51934
12	11	7	50	B	228416
12	11	56	57	B	805
12	11	72	75	B	2293
12	11	89	94	B	5586
12	15	7	9	A	831
12	15	11	13	A	1130
12	15	27	28	A	454
12	15	31	33	A	791
12	15	34	40	A	4997
12	15	58	60	A	1504
12	15	62	64	A	1245
12	15	73	102	A	79486
12	15	0	7	B	3864
12	15	9	11	B	744
12	15	13	27	B	23517
12	15	28	31	B	2221
12	15	33	34	B	594
12	15	40	58	B	28971
12	15	60	62	B	2256
12	15	64	73	B	10134
12	17	4	13	A	8285
12	17	14	15	A	746
12	17	24	36	A	12940
12	17	44	50	A	2856
12	17	66	68	A	1084
12	17	70	76	A	5491
12	17	78	88	A	15083
12	17	0	4	B	591
12	17	13	14	B	457
12	17	15	24	B	17213
12	17	36	44	B	10636
12	17	50	66	B	25714
12	17	68	70	B	1751
12	17	76	78	B	1753
12	17	88	92	B	8197
12	19	0	7	A	1171
12	19	10	11	A	437
12	19	24	32	A	10466
12	19	41	49	A	6760
12	19	53	59	A	9737
12	19	7	10	B	1131
12	19	11	24	B	17660
12	19	32	41	B	9586
12	19	49	53	B	4157
16	2	25	36	A	22673
16	2	59	61	A	3158
16	2	70	80	A	35954
16	2	90	94	A	3711
16	2	102	106	A	7686
16	2	115	116	A	2302
16	2	117	149	A	201593
16	2	151	177	A	107389
16	2	178	180	A	2199
16	2	0	25	B	184625
16	2	36	59	B	177207
16	2	61	70	B	30575
16	2	80	90	B	43460
16	2	94	102	B	29229
16	2	106	115	B	42238
16	2	116	117	B	1612
16	2	149	151	B	2932
16	2	177	178	B	3663
16	4	11	14	A	7763
16	4	32	34	A	2443
16	4	41	49	A	9585
16	4	53	64	A	19129
16	4	82	89	A	12965
16	4	98	110	A	32923
16	4	116	144	A	97456
16	4	148	154	A	7022
16	4	0	11	B	35551
16	4	14	32	B	105608
16	4	34	41	B	19574
16	4	49	53	B	6965
16	4	64	82	B	115451
16	4	89	98	B	29872
16	4	110	116	B	9542
16	4	144	148	B	4660
16	5	24	26	A	1513
16	5	28	38	A	12748
16	5	64	67	A	3733
16	5	73	77	A	4013
16	5	99	104	A	9948
16	5	106	108	A	2672
16	5	110	145	A	135476
16	5	146	149	A	4016
16	5	0	24	B	154213
16	5	26	28	B	1775
16	5	38	64	B	170243
16	5	67	73	B	16148
16	5	77	99	B	80708
16	5	104	106	B	2328
16	5	108	110	B	2129
16	5	145	146	B	1309
16	6	29	40	A	44543
16	6	48	55	A	13267
16	6	71	73	A	1101
16	6	83	102	A	58232
16	6	108	109	A	986
16	6	112	121	A	20988
16	6	125	129	A	6295
16	6	134	138	A	5506
16	6	139	147	A	22637
16	6	0	29	B	260581
16	6	40	48	B	16285
16	6	55	71	B	51943
16	6	73	83	B	23780
16	6	102	108	B	14140
16	6	109	112	B	3683
16	6	121	125	B	6266
16	6	129	134	B	11724
16	6	138	139	B	1184
16	8	10	15	A	7854
16	8	22	27	A	7799
16	8	33	37	A	7203
16	8	45	48	A	5116
16	8	69	73	A	3401
16	8	78	81	A	8442
16	8	83	96	A	41333
16	8	104	127	A	68984
16	8	0	10	B	34570
16	8	15	22	B	14357
16	8	27	33	B	15589
16	8	37	45	B	30828
16	8	48	69	B	114914
16	8	73	78	B	11907
16	8	81	83	B	3240
16	8	96	104	B	34607
16	9	21	22	A	762
16	9	42	74	A	142059
16	9	96	122	A	117337
16	9	0	21	B	174830
16	9	22	42	B	109305
16	9	74	96	B	164769
16	11	0	7	A	7003
16	11	50	56	A	10594
16	11	57	72	A	33331
16	11	75	89	A	48771
16	11	94	120	A	180875
16	11	7	50	B	476715
16	11	56	57	B	1688
16	11	72	75	B	4937
16	11	89	94	B	20780
16	15	7	9	A	2858
16	15	11	13	A	2703
16	15	27	28	A	959
16	15	31	33	A	2791
16	15	34	40	A	9348
16	15	58	60	A	1492
16	15	62	64	A	2236
16	15	73	102	A	165002
16	15	0	7	B	11269
16	15	9	11	B	3057
16	15	13	27	B	61867
16	15	28	31	B	4748
16	15	33	34	B	1316
16	15	40	58	B	67860
16	15	60	62	B	2897
16	15	64	73	B	19831
16	17	4	13	A	19768
16	17	14	15	A	568
16	17	24	36	A	20840
16	17	44	50	A	4299
16	17	66	68	A	3088
16	17	70	76	A	14364
16	17	78	88	A	22892
16	17	0	4	B	1567
16	17	13	14	B	578
16	17	15	24	B	15525
16	17	36	44	B	15628
16	17	50	66	B	59257
16	17	68	70	B	3870
16	17	76	78	B	3658
16	17	88	92	B	10478
16	19	0	7	A	2805
16	19	10	11	A	951
16	19	24	32	A	15106
16	19	41	49	A	13562
16	19	53	59	A	10718
16	19	7	10	B	3651
16	19	11	24	B	44292
16	19	32	41	B	18245
16	19	49	53	B	7855
6	2	25	36	A	18131
6	2	59	61	A	2987
6	2	70	80	A	32844
6	2	90	94	A	3635
6	2	102	106	A	3854
6	2	115	116	A	814
6	2	117	149	A	131513
6	2	151	177	A	71603
6	2	178	180	A	859
6	2	0	25	B	110763
6	2	36	59	B	90213
6	2	61	70	B	27388
6	2	80	90	B	19089
6	2	94	102	B	13048
6	2	106	115	B	15370
6	2	116	117	B	667
6	2	149	151	B	1078
6	2	177	178	B	1201
6	4	11	14	A	5038
6	4	32	34	A	2772
6	4	41	49	A	8873
6	4	53	64	A	16175
6	4	82	89	A	10336
6	4	98	110	A	23579
6	4	116	144	A	83171
6	4	148	154	A	6107
6	4	0	11	B	16117
6	4	14	32	B	67223
6	4	34	41	B	12326
6	4	49	53	B	5096
6	4	64	82	B	48554
6	4	89	98	B	15248
6	4	110	116	B	4546
6	4	144	148	B	2274
6	5	24	26	A	1237
6	5	28	38	A	13478
6	5	64	67	A	2095
6	5	73	77	A	3962
6	5	99	104	A	6278
6	5	106	108	A	2466
6	5	110	145	A	136848
6	5	146	149	A	3225
6	5	0	24	B	71054
6	5	26	28	B	1260
6	5	38	64	B	67542
6	5	67	73	B	7695
6	5	77	99	B	51445
6	5	104	106	B	1598
6	5	108	110	B	1572
6	5	145	146	B	716
6	6	29	40	A	23638
6	6	48	55	A	12234
6	6	71	73	A	822
6	6	83	102	A	43138
6	6	108	109	A	671
6	6	112	121	A	15266
6	6	125	129	A	2635
6	6	134	138	A	3078
6	6	139	147	A	16294
6	6	0	29	B	129285
6	6	40	48	B	9633
6	6	55	71	B	30533
6	6	73	83	B	14168
6	6	102	108	B	8732
6	6	109	112	B	2650
6	6	121	125	B	2353
6	6	129	134	B	4846
6	6	138	139	B	1164
6	8	10	15	A	4016
6	8	22	27	A	5095
6	8	33	37	A	3307
6	8	45	48	A	2747
6	8	69	73	A	2375
6	8	78	81	A	3931
6	8	83	96	A	25629
6	8	104	127	A	68149
6	8	0	10	B	9707
6	8	15	22	B	6138
6	8	27	33	B	6546
6	8	37	45	B	10276
6	8	48	69	B	49308
6	8	73	78	B	7698
6	8	81	83	B	1725
6	8	96	104	B	15293
6	9	21	22	A	743
6	9	42	74	A	155107
6	9	96	122	A	70062
6	9	0	21	B	66341
6	9	22	42	B	68481
6	9	74	96	B	58103
6	11	0	7	A	2786
6	11	50	56	A	8820
6	11	57	72	A	34372
6	11	75	89	A	32767
6	11	94	120	A	105067
6	11	7	50	B	232710
6	11	56	57	B	1049
6	11	72	75	B	2543
6	11	89	94	B	7782
6	15	7	9	A	1624
6	15	11	13	A	1332
6	15	27	28	A	643
6	15	31	33	A	1814
6	15	34	40	A	5604
6	15	58	60	A	986
6	15	62	64	A	1599
6	15	73	102	A	121295
6	15	0	7	B	4508
6	15	9	11	B	1369
6	15	13	27	B	25634
6	15	28	31	B	2491
6	15	33	34	B	876
6	15	40	58	B	35466
6	15	60	62	B	1742
6	15	64	73	B	12192
6	17	4	13	A	15587
6	17	14	15	A	869
6	17	24	36	A	17642
6	17	44	50	A	3217
6	17	66	68	A	1581
6	17	70	76	A	8390
6	17	78	88	A	18518
6	17	0	4	B	807
6	17	13	14	B	437
6	17	15	24	B	16431
6	17	36	44	B	10592
6	17	50	66	B	31663
6	17	68	70	B	1583
6	17	76	78	B	2364
6	17	88	92	B	3932
6	19	0	7	A	1303
6	19	10	11	A	582
6	19	24	32	A	16626
6	19	41	49	A	9517
6	19	53	59	A	6892
6	19	7	10	B	1544
6	19	11	24	B	21332
6	19	32	41	B	8606
6	19	49	53	B	4399
18	2	25	36	A	5575
18	2	59	61	A	780
18	2	70	80	A	7688
18	2	90	94	A	613
18	2	102	106	A	1584
18	2	115	116	A	415
18	2	117	149	A	52643
18	2	151	177	A	22024
18	2	178	180	A	218
18	2	0	25	B	30617
18	2	36	59	B	33470
18	2	61	70	B	5713
18	2	80	90	B	4627
18	2	94	102	B	4552
18	2	106	115	B	6539
18	2	116	117	B	468
18	2	149	151	B	371
18	2	177	178	B	317
18	4	11	14	A	1630
18	4	32	34	A	612
18	4	41	49	A	3301
18	4	53	64	A	6638
18	4	82	89	A	3280
18	4	98	110	A	7767
18	4	116	144	A	23145
18	4	148	154	A	1677
18	4	0	11	B	4006
18	4	14	32	B	16353
18	4	34	41	B	3472
18	4	49	53	B	1813
18	4	64	82	B	16075
18	4	89	98	B	6806
18	4	110	116	B	1615
18	4	144	148	B	739
18	5	24	26	A	330
18	5	28	38	A	3419
18	5	64	67	A	710
18	5	73	77	A	1400
18	5	99	104	A	1872
18	5	106	108	A	569
18	5	110	145	A	46759
18	5	146	149	A	1306
18	5	0	24	B	19667
18	5	26	28	B	214
18	5	38	64	B	24860
18	5	67	73	B	1977
18	5	77	99	B	30057
18	5	104	106	B	562
18	5	108	110	B	437
18	5	145	146	B	295
18	6	29	40	A	6816
18	6	48	55	A	2663
18	6	71	73	A	323
18	6	83	102	A	14093
18	6	108	109	A	316
18	6	112	121	A	4004
18	6	125	129	A	1667
18	6	134	138	A	1489
18	6	139	147	A	4052
18	6	0	29	B	39985
18	6	40	48	B	4898
18	6	55	71	B	10257
18	6	73	83	B	5937
18	6	102	108	B	2462
18	6	109	112	B	1017
18	6	121	125	B	953
18	6	129	134	B	2995
18	6	138	139	B	543
18	8	10	15	A	1178
18	8	22	27	A	2131
18	8	33	37	A	1280
18	8	45	48	A	660
18	8	69	73	A	556
18	8	78	81	A	879
18	8	83	96	A	8305
18	8	104	127	A	20003
18	8	0	10	B	2709
18	8	15	22	B	2412
18	8	27	33	B	3116
18	8	37	45	B	3917
18	8	48	69	B	17458
18	8	73	78	B	2230
18	8	81	83	B	598
18	8	96	104	B	4145
18	9	21	22	A	155
18	9	42	74	A	38667
18	9	96	122	A	32188
18	9	0	21	B	22195
18	9	22	42	B	26665
18	9	74	96	B	25664
18	11	0	7	A	596
18	11	50	56	A	1566
18	11	57	72	A	9152
18	11	75	89	A	9480
18	11	94	120	A	30677
18	11	7	50	B	83519
18	11	56	57	B	197
18	11	72	75	B	559
18	11	89	94	B	2990
18	15	7	9	A	942
18	15	11	13	A	1054
18	15	27	28	A	210
18	15	31	33	A	487
18	15	34	40	A	2137
18	15	58	60	A	421
18	15	62	64	A	554
18	15	73	102	A	34635
18	15	0	7	B	2623
18	15	9	11	B	806
18	15	13	27	B	16865
18	15	28	31	B	1140
18	15	33	34	B	286
18	15	40	58	B	22518
18	15	60	62	B	826
18	15	64	73	B	4946
18	17	4	13	A	4891
18	17	14	15	A	342
18	17	24	36	A	5759
18	17	44	50	A	1028
18	17	66	68	A	528
18	17	70	76	A	2305
18	17	78	88	A	7335
18	17	0	4	B	359
18	17	13	14	B	197
18	17	15	24	B	7928
18	17	36	44	B	5991
18	17	50	66	B	9436
18	17	68	70	B	542
18	17	76	78	B	868
18	17	88	92	B	1871
18	19	0	7	A	558
18	19	10	11	A	247
18	19	24	32	A	3018
18	19	41	49	A	3577
18	19	53	59	A	2078
18	19	7	10	B	966
18	19	11	24	B	9495
18	19	32	41	B	4023
18	19	49	53	B	1780
22	2	25	36	A	12441
22	2	59	61	A	2052
22	2	70	80	A	20067
22	2	90	94	A	2431
22	2	102	106	A	5962
22	2	115	116	A	1220
22	2	117	149	A	128929
22	2	151	177	A	77338
22	2	178	180	A	1293
22	2	0	25	B	79769
22	2	36	59	B	93786
22	2	61	70	B	17161
22	2	80	90	B	21465
22	2	94	102	B	16929
22	2	106	115	B	22773
22	2	116	117	B	942
22	2	149	151	B	2000
22	2	177	178	B	1818
22	4	11	14	A	4177
22	4	32	34	A	1485
22	4	41	49	A	7680
22	4	53	64	A	15300
22	4	82	89	A	10503
22	4	98	110	A	23741
22	4	116	144	A	57095
22	4	148	154	A	5653
22	4	0	11	B	13457
22	4	14	32	B	58493
22	4	34	41	B	10077
22	4	49	53	B	6420
22	4	64	82	B	58839
22	4	89	98	B	20086
22	4	110	116	B	5728
22	4	144	148	B	3806
22	5	24	26	A	1453
22	5	28	38	A	10920
22	5	64	67	A	2237
22	5	73	77	A	4455
22	5	99	104	A	6054
22	5	106	108	A	2269
22	5	110	145	A	107371
22	5	146	149	A	2911
22	5	0	24	B	85303
22	5	26	28	B	1528
22	5	38	64	B	78997
22	5	67	73	B	9285
22	5	77	99	B	61863
22	5	104	106	B	2337
22	5	108	110	B	2192
22	5	145	146	B	987
22	6	29	40	A	18742
22	6	48	55	A	8190
22	6	71	73	A	1392
22	6	83	102	A	41648
22	6	108	109	A	802
22	6	112	121	A	12867
22	6	125	129	A	4575
22	6	134	138	A	3840
22	6	139	147	A	12366
22	6	0	29	B	112906
22	6	40	48	B	13844
22	6	55	71	B	38619
22	6	73	83	B	23107
22	6	102	108	B	8400
22	6	109	112	B	2599
22	6	121	125	B	4323
22	6	129	134	B	10175
22	6	138	139	B	974
22	8	10	15	A	4369
22	8	22	27	A	5279
22	8	33	37	A	4084
22	8	45	48	A	2365
22	8	69	73	A	2545
22	8	78	81	A	2931
22	8	83	96	A	27679
22	8	104	127	A	64750
22	8	0	10	B	16127
22	8	15	22	B	9870
22	8	27	33	B	8372
22	8	37	45	B	13091
22	8	48	69	B	72529
22	8	73	78	B	7785
22	8	81	83	B	1743
22	8	96	104	B	23992
22	9	21	22	A	430
22	9	42	74	A	99722
22	9	96	122	A	82762
22	9	0	21	B	73888
22	9	22	42	B	58315
22	9	74	96	B	73855
22	11	0	7	A	3055
22	11	50	56	A	4592
22	11	57	72	A	24877
22	11	75	89	A	29701
22	11	94	120	A	94497
22	11	7	50	B	251717
22	11	56	57	B	828
22	11	72	75	B	3492
22	11	89	94	B	9646
22	15	7	9	A	2004
22	15	11	13	A	2121
22	15	27	28	A	641
22	15	31	33	A	1595
22	15	34	40	A	8020
22	15	58	60	A	1014
22	15	62	64	A	2022
22	15	73	102	A	95799
22	15	0	7	B	11181
22	15	9	11	B	1504
22	15	13	27	B	39492
22	15	28	31	B	2937
22	15	33	34	B	1104
22	15	40	58	B	60546
22	15	60	62	B	1844
22	15	64	73	B	13438
22	17	4	13	A	13269
22	17	14	15	A	1264
22	17	24	36	A	16588
22	17	44	50	A	4014
22	17	66	68	A	1662
22	17	70	76	A	6750
22	17	78	88	A	14710
22	17	0	4	B	870
22	17	13	14	B	796
22	17	15	24	B	35942
22	17	36	44	B	20996
22	17	50	66	B	32923
22	17	68	70	B	1908
22	17	76	78	B	1761
22	17	88	92	B	5268
22	19	0	7	A	1326
22	19	10	11	A	800
22	19	24	32	A	12671
22	19	41	49	A	7399
22	19	53	59	A	6471
22	19	7	10	B	2706
22	19	11	24	B	35080
22	19	32	41	B	14962
22	19	49	53	B	5541
30	2	25	36	A	8655
30	2	59	61	A	658
30	2	70	80	A	9071
30	2	90	94	A	959
30	2	102	106	A	1885
30	2	115	116	A	433
30	2	117	149	A	60062
30	2	151	177	A	42461
30	2	178	180	A	479
30	2	0	25	B	36514
30	2	36	59	B	35889
30	2	61	70	B	8423
30	2	80	90	B	6274
30	2	94	102	B	6171
30	2	106	115	B	8924
30	2	116	117	B	305
30	2	149	151	B	612
30	2	177	178	B	680
30	4	11	14	A	1847
30	4	32	34	A	898
30	4	41	49	A	4096
30	4	53	64	A	6584
30	4	82	89	A	3915
30	4	98	110	A	11970
30	4	116	144	A	30845
30	4	148	154	A	2850
30	4	0	11	B	5858
30	4	14	32	B	26871
30	4	34	41	B	4935
30	4	49	53	B	2692
30	4	64	82	B	32819
30	4	89	98	B	8625
30	4	110	116	B	2668
30	4	144	148	B	1449
30	5	24	26	A	379
30	5	28	38	A	4897
30	5	64	67	A	1087
30	5	73	77	A	2269
30	5	99	104	A	2730
30	5	106	108	A	650
30	5	110	145	A	44671
30	5	146	149	A	1419
30	5	0	24	B	28775
30	5	26	28	B	708
30	5	38	64	B	48919
30	5	67	73	B	3970
30	5	77	99	B	28929
30	5	104	106	B	1105
30	5	108	110	B	378
30	5	145	146	B	246
30	6	29	40	A	7723
30	6	48	55	A	3689
30	6	71	73	A	282
30	6	83	102	A	18083
30	6	108	109	A	448
30	6	112	121	A	4629
30	6	125	129	A	1559
30	6	134	138	A	1609
30	6	139	147	A	6590
30	6	0	29	B	38815
30	6	40	48	B	7633
30	6	55	71	B	19263
30	6	73	83	B	8416
30	6	102	108	B	5343
30	6	109	112	B	1935
30	6	121	125	B	1855
30	6	129	134	B	3250
30	6	138	139	B	535
30	8	10	15	A	2305
30	8	22	27	A	1700
30	8	33	37	A	1777
30	8	45	48	A	1288
30	8	69	73	A	1039
30	8	78	81	A	1473
30	8	83	96	A	10430
30	8	104	127	A	32270
30	8	0	10	B	5928
30	8	15	22	B	3721
30	8	27	33	B	4446
30	8	37	45	B	6920
30	8	48	69	B	34944
30	8	73	78	B	2898
30	8	81	83	B	831
30	8	96	104	B	6683
30	9	21	22	A	158
30	9	42	74	A	67528
30	9	96	122	A	33386
30	9	0	21	B	27163
30	9	22	42	B	25680
30	9	74	96	B	31214
30	11	0	7	A	1296
30	11	50	56	A	2279
30	11	57	72	A	12152
30	11	75	89	A	14383
30	11	94	120	A	42315
30	11	7	50	B	128332
30	11	56	57	B	319
30	11	72	75	B	1412
30	11	89	94	B	3425
30	15	7	9	A	779
30	15	11	13	A	633
30	15	27	28	A	271
30	15	31	33	A	672
30	15	34	40	A	3807
30	15	58	60	A	535
30	15	62	64	A	962
30	15	73	102	A	40600
30	15	0	7	B	2113
30	15	9	11	B	595
30	15	13	27	B	17588
30	15	28	31	B	1124
30	15	33	34	B	366
30	15	40	58	B	26719
30	15	60	62	B	984
30	15	64	73	B	8568
30	17	4	13	A	4585
30	17	14	15	A	307
30	17	24	36	A	9211
30	17	44	50	A	4051
30	17	66	68	A	683
30	17	70	76	A	4518
30	17	78	88	A	8376
30	17	0	4	B	305
30	17	13	14	B	230
30	17	15	24	B	5327
30	17	36	44	B	6138
30	17	50	66	B	14702
30	17	68	70	B	838
30	17	76	78	B	1249
30	17	88	92	B	2834
30	19	0	7	A	987
30	19	10	11	A	327
30	19	24	32	A	10105
30	19	41	49	A	4368
30	19	53	59	A	4058
30	19	7	10	B	710
30	19	11	24	B	12293
30	19	32	41	B	6220
30	19	49	53	B	2631
34	2	25	36	A	8971
34	2	59	61	A	1432
34	2	70	80	A	15255
34	2	90	94	A	1791
34	2	102	106	A	3418
34	2	115	116	A	886
34	2	117	149	A	104229
34	2	151	177	A	47153
34	2	178	180	A	849
34	2	0	25	B	57771
34	2	36	59	B	59995
34	2	61	70	B	15691
34	2	80	90	B	12820
34	2	94	102	B	13170
34	2	106	115	B	14269
34	2	116	117	B	685
34	2	149	151	B	948
34	2	177	178	B	1045
34	4	11	14	A	3799
34	4	32	34	A	1687
34	4	41	49	A	10091
34	4	53	64	A	15099
34	4	82	89	A	9254
34	4	98	110	A	17355
34	4	116	144	A	69322
34	4	148	154	A	4604
34	4	0	11	B	12365
34	4	14	32	B	47786
34	4	34	41	B	8163
34	4	49	53	B	3557
34	4	64	82	B	39781
34	4	89	98	B	12403
34	4	110	116	B	2753
34	4	144	148	B	2741
34	5	24	26	A	1259
34	5	28	38	A	8147
34	5	64	67	A	2025
34	5	73	77	A	2787
34	5	99	104	A	4233
34	5	106	108	A	1197
34	5	110	145	A	76049
34	5	146	149	A	2272
34	5	0	24	B	50285
34	5	26	28	B	1323
34	5	38	64	B	58888
34	5	67	73	B	7060
34	5	77	99	B	47201
34	5	104	106	B	1060
34	5	108	110	B	1098
34	5	145	146	B	478
34	6	29	40	A	20572
34	6	48	55	A	6502
34	6	71	73	A	906
34	6	83	102	A	32267
34	6	108	109	A	811
34	6	112	121	A	7374
34	6	125	129	A	1970
34	6	134	138	A	2457
34	6	139	147	A	10432
34	6	0	29	B	111592
34	6	40	48	B	9843
34	6	55	71	B	27229
34	6	73	83	B	14469
34	6	102	108	B	9335
34	6	109	112	B	2826
34	6	121	125	B	1733
34	6	129	134	B	4873
34	6	138	139	B	592
34	8	10	15	A	3418
34	8	22	27	A	5357
34	8	33	37	A	3791
34	8	45	48	A	2175
34	8	69	73	A	1675
34	8	78	81	A	2786
34	8	83	96	A	18595
34	8	104	127	A	52034
34	8	0	10	B	9105
34	8	15	22	B	5866
34	8	27	33	B	7586
34	8	37	45	B	11169
34	8	48	69	B	40779
34	8	73	78	B	5643
34	8	81	83	B	1738
34	8	96	104	B	11855
34	9	21	22	A	550
34	9	42	74	A	98980
34	9	96	122	A	65931
34	9	0	21	B	46465
34	9	22	42	B	36060
34	9	74	96	B	64669
34	11	0	7	A	2379
34	11	50	56	A	4542
34	11	57	72	A	21176
34	11	75	89	A	27116
34	11	94	120	A	68247
34	11	7	50	B	193917
34	11	56	57	B	709
34	11	72	75	B	1966
34	11	89	94	B	6900
34	15	7	9	A	1408
34	15	11	13	A	1455
34	15	27	28	A	745
34	15	31	33	A	1560
34	15	34	40	A	4922
34	15	58	60	A	687
34	15	62	64	A	967
34	15	73	102	A	66999
34	15	0	7	B	6233
34	15	9	11	B	1524
34	15	13	27	B	26381
34	15	28	31	B	3543
34	15	33	34	B	651
34	15	40	58	B	27876
34	15	60	62	B	1223
34	15	64	73	B	6951
34	17	4	13	A	7809
34	17	14	15	A	542
34	17	24	36	A	12523
34	17	44	50	A	2115
34	17	66	68	A	1081
34	17	70	76	A	5033
34	17	78	88	A	10055
34	17	0	4	B	623
34	17	13	14	B	398
34	17	15	24	B	12998
34	17	36	44	B	9642
34	17	50	66	B	21368
34	17	68	70	B	1375
34	17	76	78	B	1487
34	17	88	92	B	3803
34	19	0	7	A	819
34	19	10	11	A	650
34	19	24	32	A	8613
34	19	41	49	A	6099
34	19	53	59	A	5013
34	19	7	10	B	1705
34	19	11	24	B	19291
34	19	32	41	B	9138
34	19	49	53	B	3279
