chrom	start	end	GC
chr1	0	1000000	
chr1	1000000	2000000	
chr1	2000000	3000000	
chr1	3000000	4000000	0.3869026467176037
chr1	4000000	5000000	0.400402
chr1	5000000	6000000	0.394183
chr1	6000000	7000000	0.395143
chr1	7000000	8000000	0.391856
chr1	8000000	9000000	0.381463
chr1	9000000	10000000	0.399553
chr1	10000000	11000000	0.400238
chr1	11000000	12000000	0.387569
chr1	12000000	13000000	0.405447
chr1	13000000	14000000	0.429295
chr1	14000000	15000000	0.404676
chr1	15000000	16000000	0.404364
chr1	16000000	17000000	0.417163
chr1	17000000	18000000	0.387911
chr1	18000000	19000000	0.380898
chr1	19000000	20000000	0.390041
chr1	20000000	21000000	0.408512
chr1	21000000	22000000	0.407367
chr1	22000000	23000000	0.39018970514908063
chr1	23000000	24000000	0.40703
chr1	24000000	25000000	0.399096
chr1	25000000	26000000	0.37814237814237817
chr1	26000000	27000000	0.370245
chr1	27000000	28000000	0.36537
chr1	28000000	29000000	0.362068
chr1	29000000	30000000	0.367444
chr1	30000000	31000000	0.39163
chr1	31000000	32000000	0.385151
chr1	32000000	33000000	0.380031
chr1	33000000	34000000	0.416489
chr1	34000000	35000000	0.450839
chr1	35000000	36000000	0.438926
chr1	36000000	37000000	0.471552
chr1	37000000	38000000	0.448917
chr1	38000000	39000000	0.439697
chr1	39000000	40000000	0.457455
chr1	40000000	41000000	0.431918
chr1	41000000	42000000	0.39031
chr1	42000000	43000000	0.418689
chr1	43000000	44000000	0.424924
chr1	44000000	45000000	0.389031
chr1	45000000	46000000	0.384616
chr1	46000000	47000000	0.398187
chr1	47000000	48000000	0.37666
chr1	48000000	49000000	0.370018
chr1	49000000	50000000	0.362145
chr1	50000000	51000000	0.366301
chr1	51000000	52000000	0.410032
chr1	52000000	53000000	0.412855
chr1	53000000	54000000	0.400689
chr1	54000000	55000000	0.413549
chr1	55000000	56000000	0.411941
chr1	56000000	57000000	0.392651
chr1	57000000	58000000	0.419694
chr1	58000000	59000000	0.429086
chr1	59000000	60000000	0.425958
chr1	60000000	61000000	0.402639
chr1	61000000	62000000	0.402319
chr1	62000000	63000000	0.415849
chr1	63000000	64000000	0.416452
chr1	64000000	65000000	0.424717
chr1	65000000	66000000	0.396141
chr1	66000000	67000000	0.389884
chr1	67000000	68000000	0.387053
chr1	68000000	69000000	0.360265
chr1	69000000	70000000	0.388452
chr1	70000000	71000000	0.382262
chr1	71000000	72000000	0.410408
chr1	72000000	73000000	0.444507
chr1	73000000	74000000	0.437074
chr1	74000000	75000000	0.470463
chr1	75000000	76000000	0.46690578158458246
chr1	76000000	77000000	0.402302
chr1	77000000	78000000	0.411847
chr1	78000000	79000000	0.4264270763508768
chr1	79000000	80000000	0.411943
chr1	80000000	81000000	0.398624
chr1	81000000	82000000	0.385057
chr1	82000000	83000000	0.420489
chr1	83000000	84000000	0.400486
chr1	84000000	85000000	0.419861
chr1	85000000	86000000	0.44406666666666667
chr1	86000000	87000000	0.445357
chr1	87000000	88000000	0.459572
chr1	88000000	89000000	0.450698
chr1	89000000	90000000	0.476082
chr1	90000000	91000000	0.469541
chr1	91000000	92000000	0.478449
chr1	92000000	93000000	0.473553
chr1	93000000	94000000	0.468429
chr1	94000000	95000000	0.385611
chr1	95000000	96000000	0.369976
chr1	96000000	97000000	0.373243
chr1	97000000	98000000	0.387518
chr1	98000000	99000000	0.387992
chr1	99000000	100000000	0.377001
chr1	100000000	101000000	0.384613
chr1	101000000	102000000	0.377885
chr1	102000000	103000000	0.380826
chr1	103000000	104000000	0.37866
chr1	104000000	105000000	0.381591
chr1	105000000	106000000	0.412556
chr1	106000000	107000000	0.420329
chr1	107000000	108000000	0.388842
chr1	108000000	109000000	0.367859
chr1	109000000	110000000	0.36519
chr1	110000000	111000000	0.359883
chr1	111000000	112000000	0.367438
chr1	112000000	113000000	0.379518
chr1	113000000	114000000	0.390717
chr1	114000000	115000000	0.380638
chr1	115000000	116000000	0.377287
chr1	116000000	117000000	0.385704
chr1	117000000	118000000	0.388866
chr1	118000000	119000000	0.447573
chr1	119000000	120000000	0.450355
chr1	120000000	121000000	0.4584
chr1	121000000	122000000	0.4307
chr1	122000000	123000000	0.392251
chr1	123000000	124000000	0.379388
chr1	124000000	125000000	0.387673
chr1	125000000	126000000	0.429335
chr1	126000000	127000000	0.424343
chr1	127000000	128000000	0.442083
chr1	128000000	129000000	0.426507
chr1	129000000	130000000	0.394232
chr1	130000000	131000000	0.414409
chr1	131000000	132000000	0.451633
chr1	132000000	133000000	0.479656
chr1	133000000	134000000	0.473645
chr1	134000000	135000000	0.463858
chr1	135000000	136000000	0.484795
chr1	136000000	137000000	0.455317
chr1	137000000	138000000	0.399896
chr1	138000000	139000000	0.40166
chr1	139000000	140000000	0.384374
chr1	140000000	141000000	0.368497
chr1	141000000	142000000	0.364201
chr1	142000000	143000000	0.364485
chr1	143000000	144000000	0.3921452631578947
chr1	144000000	145000000	0.378147
chr1	145000000	146000000	0.363721
chr1	146000000	147000000	0.362005
chr1	147000000	148000000	0.362841
chr1	148000000	149000000	0.366271
chr1	149000000	150000000	0.380179
chr1	150000000	151000000	0.395335
chr1	151000000	152000000	0.427716
chr1	152000000	153000000	0.435862
chr1	153000000	154000000	0.448045
chr1	154000000	155000000	0.431939
chr1	155000000	156000000	0.437673
chr1	156000000	157000000	0.4375821052631579
chr1	157000000	158000000	0.412476
chr1	158000000	159000000	0.412914
chr1	159000000	160000000	0.415558
chr1	160000000	161000000	0.401269
chr1	161000000	162000000	0.411324
chr1	162000000	163000000	0.414904
chr1	163000000	164000000	0.39848
chr1	164000000	165000000	0.421706
chr1	165000000	166000000	0.434552
chr1	166000000	167000000	0.426712
chr1	167000000	168000000	0.45095003800152006
chr1	168000000	169000000	0.415206
chr1	169000000	170000000	0.412183
chr1	170000000	171000000	0.439073
chr1	171000000	172000000	0.4478076868461211
chr1	172000000	173000000	0.44434
chr1	173000000	174000000	0.390858
chr1	174000000	175000000	0.394368
chr1	175000000	176000000	0.412637
chr1	176000000	177000000	0.411862
chr1	177000000	178000000	0.416286
chr1	178000000	179000000	0.438376
chr1	179000000	180000000	0.438322
chr1	180000000	181000000	0.462237
chr1	181000000	182000000	0.442506
chr1	182000000	183000000	0.4592288032003556
chr1	183000000	184000000	0.439479796145252
chr1	184000000	185000000	0.442496
chr1	185000000	186000000	0.436302
chr1	186000000	187000000	0.426104
chr1	187000000	188000000	0.429241
chr1	188000000	189000000	0.422102
chr1	189000000	190000000	0.449217
chr1	190000000	191000000	0.463526
chr1	191000000	192000000	0.46122293437034906
chr1	192000000	193000000	0.44962555370250373
chr1	193000000	194000000	0.438427
chr1	194000000	195000000	0.413608
chr1	195000000	195471971	0.3988133483524253
chr2	0	1000000	
chr2	1000000	2000000	
chr2	2000000	3000000	
chr2	3000000	4000000	0.4297947368421053
chr2	4000000	5000000	0.442734
chr2	5000000	6000000	0.44058
chr2	6000000	7000000	0.425363
chr2	7000000	8000000	0.39155
chr2	8000000	9000000	0.377913
chr2	9000000	10000000	0.41049
chr2	10000000	11000000	0.424004
chr2	11000000	12000000	0.430005
chr2	12000000	13000000	0.398322
chr2	13000000	14000000	0.406371
chr2	14000000	15000000	0.400198
chr2	15000000	16000000	0.382703
chr2	16000000	17000000	0.383402
chr2	17000000	18000000	0.40907
chr2	18000000	19000000	0.414678
chr2	19000000	20000000	0.415096
chr2	20000000	21000000	0.415336
chr2	21000000	22000000	0.406045
chr2	22000000	23000000	0.40010433617523045
chr2	23000000	24000000	0.388883
chr2	24000000	25000000	0.434749
chr2	25000000	26000000	0.497269
chr2	26000000	27000000	0.487508
chr2	27000000	28000000	0.507601
chr2	28000000	29000000	0.491879
chr2	29000000	30000000	0.479512
chr2	30000000	31000000	0.502715
chr2	31000000	32000000	0.500288
chr2	32000000	33000000	0.503459
chr2	33000000	34000000	0.48333
chr2	34000000	35000000	0.441468
chr2	35000000	36000000	0.468279
chr2	36000000	37000000	0.411185
chr2	37000000	38000000	0.411046
chr2	38000000	39000000	0.436325
chr2	39000000	40000000	0.393452
chr2	40000000	41000000	0.36688
chr2	41000000	42000000	0.366331
chr2	42000000	43000000	0.366163
chr2	43000000	44000000	0.378557
chr2	44000000	45000000	0.387145
chr2	45000000	46000000	0.387581
chr2	46000000	47000000	0.370302
chr2	47000000	48000000	0.371459
chr2	48000000	49000000	0.386552
chr2	49000000	50000000	0.413609
chr2	50000000	51000000	0.407364
chr2	51000000	52000000	0.412114
chr2	52000000	53000000	0.424054
chr2	53000000	54000000	0.389688
chr2	54000000	55000000	0.374408
chr2	55000000	56000000	0.370874
chr2	56000000	57000000	0.373698
chr2	57000000	58000000	0.399733
chr2	58000000	59000000	0.413037
chr2	59000000	60000000	0.4371251020748449
chr2	60000000	61000000	0.421314
chr2	61000000	62000000	0.396523
chr2	62000000	63000000	0.380448
chr2	63000000	64000000	0.372146
chr2	64000000	65000000	0.385722
chr2	65000000	66000000	0.400575
chr2	66000000	67000000	0.385704
chr2	67000000	68000000	0.378495
chr2	68000000	69000000	0.41497
chr2	69000000	70000000	0.416835
chr2	70000000	71000000	0.432844
chr2	71000000	72000000	0.436895
chr2	72000000	73000000	0.433643
chr2	73000000	74000000	0.422112
chr2	74000000	75000000	0.420264
chr2	75000000	76000000	0.424328
chr2	76000000	77000000	0.423561
chr2	77000000	78000000	0.415281
chr2	78000000	79000000	0.390066
chr2	79000000	80000000	0.395753
chr2	80000000	81000000	0.401603
chr2	81000000	82000000	0.372624
chr2	82000000	83000000	0.36569
chr2	83000000	84000000	0.399035
chr2	84000000	85000000	0.417455
chr2	85000000	86000000	0.394726
chr2	86000000	87000000	0.362761
chr2	87000000	88000000	0.372209
chr2	88000000	89000000	0.36348
chr2	89000000	90000000	0.37244
chr2	90000000	91000000	0.42249
chr2	91000000	92000000	0.450127
chr2	92000000	93000000	0.468776
chr2	93000000	94000000	0.493907
chr2	94000000	95000000	0.41807
chr2	95000000	96000000	0.382158
chr2	96000000	97000000	0.367906
chr2	97000000	98000000	0.368735
chr2	98000000	99000000	0.364765
chr2	99000000	100000000	0.367974
chr2	100000000	101000000	0.36744
chr2	101000000	102000000	0.415108
chr2	102000000	103000000	0.43568
chr2	103000000	104000000	0.438204
chr2	104000000	105000000	0.425648
chr2	105000000	106000000	0.425923
chr2	106000000	107000000	0.407854
chr2	107000000	108000000	0.384743
chr2	108000000	109000000	0.375464
chr2	109000000	110000000	0.391407
chr2	110000000	111000000	0.384259
chr2	111000000	112000000	0.371234
chr2	112000000	113000000	0.410133
chr2	113000000	114000000	0.41422290403926465
chr2	114000000	115000000	0.388119
chr2	115000000	116000000	0.39348
chr2	116000000	117000000	0.404916
chr2	117000000	118000000	0.414416
chr2	118000000	119000000	0.45947
chr2	119000000	120000000	0.441718
chr2	120000000	121000000	0.440482
chr2	121000000	122000000	0.436925
chr2	122000000	123000000	0.430871
chr2	123000000	124000000	0.384515
chr2	124000000	125000000	0.412323
chr2	125000000	126000000	0.429412
chr2	126000000	127000000	0.415173
chr2	127000000	128000000	0.455088
chr2	128000000	129000000	0.446091
chr2	129000000	130000000	0.44102
chr2	130000000	131000000	0.44792
chr2	131000000	132000000	0.4534
chr2	132000000	133000000	0.439609
chr2	133000000	134000000	0.4055
chr2	134000000	135000000	0.391119
chr2	135000000	136000000	0.410964
chr2	136000000	137000000	0.397448
chr2	137000000	138000000	0.395341
chr2	138000000	139000000	0.39369
chr2	139000000	140000000	0.39295
chr2	140000000	141000000	0.393099
chr2	141000000	142000000	0.384019
chr2	142000000	143000000	0.40593
chr2	143000000	144000000	0.417801
chr2	144000000	145000000	0.442776
chr2	145000000	146000000	0.429896
chr2	146000000	147000000	0.425724
chr2	147000000	148000000	0.419921
chr2	148000000	149000000	0.425576
chr2	149000000	150000000	0.393256
chr2	150000000	151000000	0.427223
chr2	151000000	152000000	0.444877
chr2	152000000	153000000	0.473199
chr2	153000000	154000000	0.479576
chr2	154000000	155000000	0.447246
chr2	155000000	156000000	0.450871
chr2	156000000	157000000	0.47511
chr2	157000000	158000000	0.479305
chr2	158000000	159000000	0.473657
chr2	159000000	160000000	0.415941
chr2	160000000	161000000	0.448928
chr2	161000000	162000000	0.419331
chr2	162000000	163000000	0.439115
chr2	163000000	164000000	0.478827
chr2	164000000	165000000	0.471113
chr2	165000000	166000000	0.498233
chr2	166000000	167000000	0.492777
chr2	167000000	168000000	0.507709
chr2	168000000	169000000	0.496825
chr2	169000000	170000000	0.461999
chr2	170000000	171000000	0.459244
chr2	171000000	172000000	0.430641
chr2	172000000	173000000	0.48626635447452005
chr2	173000000	174000000	0.483231
chr2	174000000	175000000	0.460318
chr2	175000000	176000000	0.4012317073989751
chr2	176000000	177000000	0.4012550786010156
chr2	177000000	178000000	0.40254555555555555
chr2	178000000	179000000	0.457076
chr2	179000000	180000000	0.481751
chr2	180000000	181000000	0.495795
chr2	181000000	182000000	0.458003
chr2	182000000	182113224	0.4391258318209316
chr3	0	1000000	
chr3	1000000	2000000	
chr3	2000000	3000000	
chr3	3000000	4000000	0.39074696769544853
chr3	4000000	5000000	0.375414
chr3	5000000	6000000	0.378832
chr3	6000000	7000000	0.376158
chr3	7000000	8000000	0.384682
chr3	8000000	9000000	0.41796
chr3	9000000	10000000	0.44622
chr3	10000000	11000000	0.405794
chr3	11000000	12000000	0.376954
chr3	12000000	13000000	0.37086
chr3	13000000	14000000	0.370082
chr3	14000000	15000000	0.390398
chr3	15000000	16000000	0.3867541176470588
chr3	16000000	17000000	0.389338
chr3	17000000	18000000	0.377589
chr3	18000000	19000000	0.390776
chr3	19000000	20000000	0.410236
chr3	20000000	21000000	0.391500783001566
chr3	21000000	22000000	0.40282
chr3	22000000	23000000	0.401422
chr3	23000000	24000000	0.37521
chr3	24000000	25000000	0.367088
chr3	25000000	26000000	0.376761
chr3	26000000	27000000	0.394635
chr3	27000000	28000000	0.443054
chr3	28000000	29000000	0.421968
chr3	29000000	30000000	0.394052
chr3	30000000	31000000	0.419137
chr3	31000000	32000000	0.422956
chr3	32000000	33000000	0.434597
chr3	33000000	34000000	0.409072
chr3	34000000	35000000	0.433055
chr3	35000000	36000000	0.416402
chr3	36000000	37000000	0.415467
chr3	37000000	38000000	0.421817
chr3	38000000	39000000	0.421239
chr3	39000000	40000000	0.39689
chr3	40000000	41000000	0.4077266666666667
chr3	41000000	42000000	0.421181
chr3	42000000	43000000	0.379927
chr3	43000000	44000000	0.366746
chr3	44000000	45000000	0.363364
chr3	45000000	46000000	0.368915
chr3	46000000	47000000	0.365524
chr3	47000000	48000000	0.364963
chr3	48000000	49000000	0.369422
chr3	49000000	50000000	0.379486
chr3	50000000	51000000	0.40199894736842107
chr3	51000000	52000000	0.451266
chr3	52000000	53000000	0.4421324421324421
chr3	53000000	54000000	0.427268
chr3	54000000	55000000	0.417124
chr3	55000000	56000000	0.420284
chr3	56000000	57000000	0.394313
chr3	57000000	58000000	0.406629
chr3	58000000	59000000	0.413783
chr3	59000000	60000000	0.39716
chr3	60000000	61000000	0.38159
chr3	61000000	62000000	0.38512
chr3	62000000	63000000	0.388042
chr3	63000000	64000000	0.396481
chr3	64000000	65000000	0.392487
chr3	65000000	66000000	0.416127
chr3	66000000	67000000	0.408581
chr3	67000000	68000000	0.404453
chr3	68000000	69000000	0.421708
chr3	69000000	70000000	0.424764
chr3	70000000	71000000	0.381894
chr3	71000000	72000000	0.361714
chr3	72000000	73000000	0.362025
chr3	73000000	74000000	0.36728
chr3	74000000	75000000	0.367833
chr3	75000000	76000000	0.384525
chr3	76000000	77000000	0.364913
chr3	77000000	78000000	0.368615
chr3	78000000	79000000	0.390711
chr3	79000000	80000000	0.423004
chr3	80000000	81000000	0.381398
chr3	81000000	82000000	0.382172
chr3	82000000	83000000	0.40289
chr3	83000000	84000000	0.427428
chr3	84000000	85000000	0.438794
chr3	85000000	86000000	0.437873
chr3	86000000	87000000	0.400831
chr3	87000000	88000000	0.4577929155858312
chr3	88000000	89000000	0.474017
chr3	89000000	90000000	0.484578
chr3	90000000	91000000	0.435837
chr3	91000000	92000000	0.382329
chr3	92000000	93000000	0.395295
chr3	93000000	94000000	0.419946
chr3	94000000	95000000	0.43945219726098633
chr3	95000000	96000000	0.45137245137245136
chr3	96000000	97000000	0.452013
chr3	97000000	98000000	0.440727
chr3	98000000	99000000	0.431258
chr3	99000000	100000000	0.40848
chr3	100000000	101000000	0.429904
chr3	101000000	102000000	0.461879
chr3	102000000	103000000	0.432911
chr3	103000000	104000000	0.433518
chr3	104000000	105000000	0.427676
chr3	105000000	106000000	0.443632
chr3	106000000	107000000	0.391016
chr3	107000000	108000000	0.457689
chr3	108000000	109000000	0.452059
chr3	109000000	110000000	0.406873
chr3	110000000	111000000	0.378738
chr3	111000000	112000000	0.36364
chr3	112000000	113000000	0.365019
chr3	113000000	114000000	0.37932941176470586
chr3	114000000	115000000	0.364691
chr3	115000000	116000000	0.397442
chr3	116000000	117000000	0.424109
chr3	117000000	118000000	0.394657
chr3	118000000	119000000	0.377784
chr3	119000000	120000000	0.389966
chr3	120000000	121000000	0.395856
chr3	121000000	122000000	0.436354
chr3	122000000	123000000	0.433623
chr3	123000000	124000000	0.412342
chr3	124000000	125000000	0.371799
chr3	125000000	126000000	0.370979
chr3	126000000	127000000	0.394709
chr3	127000000	128000000	0.420874
chr3	128000000	129000000	0.391859
chr3	129000000	130000000	0.433083
chr3	130000000	131000000	0.426411
chr3	131000000	132000000	0.4347225000164845
chr3	132000000	133000000	0.400479
chr3	133000000	134000000	0.407025
chr3	134000000	135000000	0.382553
chr3	135000000	136000000	0.417381
chr3	136000000	137000000	0.393821
chr3	137000000	138000000	0.40866
chr3	138000000	139000000	0.433765
chr3	139000000	140000000	0.389854
chr3	140000000	141000000	0.372643
chr3	141000000	142000000	0.37876
chr3	142000000	143000000	0.403758
chr3	143000000	144000000	0.400355
chr3	144000000	145000000	0.428614
chr3	145000000	146000000	0.426887
chr3	146000000	147000000	0.435892
chr3	147000000	148000000	0.397472
chr3	148000000	149000000	0.402754
chr3	149000000	150000000	0.40303
chr3	150000000	151000000	0.37077
chr3	151000000	152000000	0.391262
chr3	152000000	153000000	0.440727
chr3	153000000	154000000	0.447504
chr3	154000000	155000000	0.431735
chr3	155000000	156000000	0.384288
chr3	156000000	157000000	0.387915
chr3	157000000	158000000	0.40922
chr3	158000000	159000000	0.38298
chr3	159000000	160000000	0.3832889919972757
chr3	160000000	160039680	
chr4	0	1000000	
chr4	1000000	2000000	
chr4	2000000	3000000	
chr4	3000000	4000000	0.41862315789473686
chr4	4000000	5000000	0.396412
chr4	5000000	6000000	0.400484
chr4	6000000	7000000	0.401368
chr4	7000000	8000000	0.385005
chr4	8000000	9000000	0.42766
chr4	9000000	10000000	0.423714
chr4	10000000	11000000	0.410978
chr4	11000000	12000000	0.428551
chr4	12000000	13000000	0.399642
chr4	13000000	14000000	0.392196
chr4	14000000	15000000	0.392304
chr4	15000000	16000000	0.395768
chr4	16000000	17000000	0.385638
chr4	17000000	18000000	0.368205
chr4	18000000	19000000	0.367739
chr4	19000000	20000000	0.387722
chr4	20000000	21000000	0.386106
chr4	21000000	22000000	0.404599
chr4	22000000	23000000	0.397943
chr4	23000000	24000000	0.371978
chr4	24000000	25000000	0.393195
chr4	25000000	26000000	0.386479
chr4	26000000	27000000	0.372773
chr4	27000000	28000000	0.362554
chr4	28000000	29000000	0.368224
chr4	29000000	30000000	0.370225
chr4	30000000	31000000	0.373108
chr4	31000000	32000000	0.400206
chr4	32000000	33000000	0.441808
chr4	33000000	34000000	0.423411
chr4	34000000	35000000	0.4130450030862466
chr4	35000000	36000000	0.404261
chr4	36000000	37000000	0.366383
chr4	37000000	38000000	0.366592
chr4	38000000	39000000	0.368527
chr4	39000000	40000000	0.386073
chr4	40000000	41000000	0.440193
chr4	41000000	42000000	0.46559
chr4	42000000	43000000	0.4694926315789474
chr4	43000000	44000000	0.459925
chr4	44000000	45000000	0.446687
chr4	45000000	46000000	0.471394
chr4	46000000	47000000	0.479879
chr4	47000000	48000000	0.448806
chr4	48000000	49000000	0.418047
chr4	49000000	50000000	0.403803
chr4	50000000	51000000	0.371949
chr4	51000000	52000000	0.371818
chr4	52000000	53000000	0.390289
chr4	53000000	54000000	0.428974
chr4	54000000	55000000	0.410611
chr4	55000000	56000000	0.436585
chr4	56000000	57000000	0.425351
chr4	57000000	58000000	0.454987
chr4	58000000	59000000	0.41388
chr4	59000000	60000000	0.427624
chr4	60000000	61000000	0.4081947346897429
chr4	61000000	62000000	0.40884120096603027
chr4	62000000	63000000	0.449396
chr4	63000000	64000000	0.46622
chr4	64000000	65000000	0.390095
chr4	65000000	66000000	0.40253
chr4	66000000	67000000	0.394424
chr4	67000000	68000000	0.369266
chr4	68000000	69000000	0.376846
chr4	69000000	70000000	0.390878
chr4	70000000	71000000	0.404068
chr4	71000000	72000000	0.380182
chr4	72000000	73000000	0.386525
chr4	73000000	74000000	0.389719
chr4	74000000	75000000	0.386433
chr4	75000000	76000000	0.379706
chr4	76000000	77000000	0.375369
chr4	77000000	78000000	0.365855
chr4	78000000	79000000	0.369316
chr4	79000000	80000000	0.364715
chr4	80000000	81000000	0.38184
chr4	81000000	82000000	0.39749
chr4	82000000	83000000	0.414217
chr4	83000000	84000000	0.422766
chr4	84000000	85000000	0.413607
chr4	85000000	86000000	0.401672
chr4	86000000	87000000	0.419444
chr4	87000000	88000000	0.412988
chr4	88000000	89000000	0.413715
chr4	89000000	90000000	0.401026196369637
chr4	90000000	91000000	0.378102
chr4	91000000	92000000	0.389639
chr4	92000000	93000000	0.364564
chr4	93000000	94000000	0.375017
chr4	94000000	95000000	0.39586
chr4	95000000	96000000	0.41955
chr4	96000000	97000000	0.389719
chr4	97000000	98000000	0.398499
chr4	98000000	99000000	0.428679
chr4	99000000	100000000	0.42311124823476304
chr4	100000000	101000000	0.432856
chr4	101000000	102000000	0.433872
chr4	102000000	103000000	0.411145
chr4	103000000	104000000	0.424027
chr4	104000000	105000000	0.430815
chr4	105000000	106000000	0.427739
chr4	106000000	107000000	0.470219
chr4	107000000	108000000	0.482723
chr4	108000000	109000000	0.430553
chr4	109000000	110000000	0.407967
chr4	110000000	111000000	0.395483
chr4	111000000	112000000	0.407567
chr4	112000000	113000000	0.376611
chr4	113000000	114000000	0.369891
chr4	114000000	115000000	0.437116
chr4	115000000	116000000	0.433003
chr4	116000000	117000000	0.427759
chr4	117000000	118000000	0.477263
chr4	118000000	119000000	0.468732
chr4	119000000	120000000	0.461246
chr4	120000000	121000000	0.468069
chr4	121000000	122000000	0.41143894736842107
chr4	122000000	123000000	0.4125539320010646
chr4	123000000	124000000	0.45164
chr4	124000000	125000000	0.477805
chr4	125000000	126000000	0.492399
chr4	126000000	127000000	0.451727
chr4	127000000	128000000	0.462067
chr4	128000000	129000000	0.483031
chr4	129000000	130000000	0.472671
chr4	130000000	131000000	0.4917127740131173
chr4	131000000	132000000	0.485026
chr4	132000000	133000000	0.457611
chr4	133000000	134000000	0.488358
chr4	134000000	135000000	0.493138
chr4	135000000	136000000	0.491988
chr4	136000000	137000000	0.482723
chr4	137000000	138000000	0.49886
chr4	138000000	139000000	0.487094
chr4	139000000	140000000	0.502887
chr4	140000000	141000000	0.518066
chr4	141000000	142000000	0.502836
chr4	142000000	143000000	0.4759049652639596
chr4	143000000	144000000	0.434448
chr4	144000000	145000000	0.423042
chr4	145000000	146000000	0.4215717103252868
chr4	146000000	147000000	0.4040520598544647
chr4	147000000	148000000	0.415329
chr4	148000000	149000000	0.504378
chr4	149000000	150000000	0.479386
chr4	150000000	151000000	0.470264
chr4	151000000	152000000	0.490366
chr4	152000000	153000000	0.512842
chr4	153000000	154000000	0.492718
chr4	154000000	155000000	0.516655
chr4	155000000	156000000	0.489088
chr4	156000000	156508116	0.47514062576427046
chr5	0	1000000	
chr5	1000000	2000000	
chr5	2000000	3000000	
chr5	3000000	4000000	0.41503
chr5	4000000	5000000	0.411311
chr5	5000000	6000000	0.402931
chr5	6000000	7000000	0.37969
chr5	7000000	8000000	0.381096
chr5	8000000	9000000	0.40389
chr5	9000000	10000000	0.393236
chr5	10000000	11000000	0.374702
chr5	11000000	12000000	0.378782
chr5	12000000	13000000	0.370189
chr5	13000000	14000000	0.371638
chr5	14000000	15000000	0.380387
chr5	15000000	16000000	0.4018132231404959
chr5	16000000	17000000	0.375404
chr5	17000000	18000000	0.380259
chr5	18000000	19000000	0.385851
chr5	19000000	20000000	0.38006
chr5	20000000	21000000	0.407286
chr5	21000000	22000000	0.424405
chr5	22000000	23000000	0.408086
chr5	23000000	24000000	0.424209
chr5	24000000	25000000	0.476077
chr5	25000000	26000000	0.438559
chr5	26000000	27000000	0.42678
chr5	27000000	28000000	0.440432
chr5	28000000	29000000	0.446909
chr5	29000000	30000000	0.420864
chr5	30000000	31000000	0.47147894736842105
chr5	31000000	32000000	0.439504
chr5	32000000	33000000	0.440831
chr5	33000000	34000000	0.467358
chr5	34000000	35000000	0.443293
chr5	35000000	36000000	0.509004
chr5	36000000	37000000	0.49576701030927833
chr5	37000000	38000000	0.474256
chr5	38000000	39000000	0.454798
chr5	39000000	40000000	0.397561
chr5	40000000	41000000	0.378242
chr5	41000000	42000000	0.401967
chr5	42000000	43000000	0.394604
chr5	43000000	44000000	0.418388
chr5	44000000	45000000	0.419167
chr5	45000000	46000000	0.404199
chr5	46000000	47000000	0.381113
chr5	47000000	48000000	0.372886
chr5	48000000	49000000	0.378419
chr5	49000000	50000000	0.386168
chr5	50000000	51000000	0.386891
chr5	51000000	52000000	0.399739
chr5	52000000	53000000	0.444596
chr5	53000000	54000000	0.441705
chr5	54000000	55000000	0.39007
chr5	55000000	56000000	0.368226
chr5	56000000	57000000	0.360059
chr5	57000000	58000000	0.367329
chr5	58000000	59000000	0.36918
chr5	59000000	60000000	0.362726
chr5	60000000	61000000	0.365807
chr5	61000000	62000000	0.363013
chr5	62000000	63000000	0.377584
chr5	63000000	64000000	0.398337
chr5	64000000	65000000	0.446292
chr5	65000000	66000000	0.432165
chr5	66000000	67000000	0.445861
chr5	67000000	68000000	0.429268
chr5	68000000	69000000	0.380393
chr5	69000000	70000000	0.377803
chr5	70000000	71000000	0.369625
chr5	71000000	72000000	0.378633
chr5	72000000	73000000	0.420999
chr5	73000000	74000000	0.4415736082771347
chr5	74000000	75000000	0.44297
chr5	75000000	76000000	0.44312
chr5	76000000	77000000	0.43155876510241964
chr5	77000000	78000000	0.434035
chr5	78000000	79000000	0.369978
chr5	79000000	80000000	0.365575
chr5	80000000	81000000	0.365609
chr5	81000000	82000000	0.372174
chr5	82000000	83000000	0.365362
chr5	83000000	84000000	0.363591
chr5	84000000	85000000	0.359354
chr5	85000000	86000000	0.377636
chr5	86000000	87000000	0.383623
chr5	87000000	88000000	0.370665
chr5	88000000	89000000	0.405425
chr5	89000000	90000000	0.403088
chr5	90000000	91000000	0.408529
chr5	91000000	92000000	0.41578
chr5	92000000	93000000	0.443921
chr5	93000000	94000000	0.417974
chr5	94000000	95000000	0.4106757894736842
chr5	95000000	96000000	0.411084
chr5	96000000	97000000	0.418342
chr5	97000000	98000000	0.397039
chr5	98000000	99000000	0.406835
chr5	99000000	100000000	0.434701
chr5	100000000	101000000	0.448104
chr5	101000000	102000000	0.436552
chr5	102000000	103000000	0.419459
chr5	103000000	104000000	0.433499
chr5	104000000	105000000	0.418215
chr5	105000000	106000000	0.437563
chr5	106000000	107000000	0.43287
chr5	107000000	108000000	0.430509
chr5	108000000	109000000	0.422159
chr5	109000000	110000000	0.398287
chr5	110000000	111000000	0.455578
chr5	111000000	112000000	0.4917
chr5	112000000	113000000	0.49854
chr5	113000000	114000000	0.5060943204868155
chr5	114000000	115000000	0.504611
chr5	115000000	116000000	0.48482
chr5	116000000	117000000	0.469692
chr5	117000000	118000000	0.485612
chr5	118000000	119000000	0.485839
chr5	119000000	120000000	0.473718
chr5	120000000	121000000	0.504875
chr5	121000000	122000000	0.482352
chr5	122000000	123000000	0.475496
chr5	123000000	124000000	0.467368
chr5	124000000	125000000	0.4870135408892206
chr5	125000000	126000000	0.490558
chr5	126000000	127000000	0.427738
chr5	127000000	128000000	0.453771
chr5	128000000	129000000	0.468274
chr5	129000000	130000000	0.4744568421052632
chr5	130000000	131000000	0.450937
chr5	131000000	132000000	0.445864
chr5	132000000	133000000	0.429214
chr5	133000000	134000000	0.428947
chr5	134000000	135000000	0.489915
chr5	135000000	136000000	0.484322
chr5	136000000	137000000	0.485781
chr5	137000000	138000000	0.48311020245252895
chr5	138000000	139000000	0.45039119431280594
chr5	139000000	140000000	0.508237
chr5	140000000	141000000	0.497209
chr5	141000000	142000000	0.443246
chr5	142000000	143000000	0.492795
chr5	143000000	144000000	0.46984315789473685
chr5	144000000	145000000	0.476045
chr5	145000000	146000000	0.430597
chr5	146000000	147000000	0.454018
chr5	147000000	148000000	0.459078
chr5	148000000	149000000	0.463293
chr5	149000000	150000000	0.4579677124185659
chr5	150000000	151000000	0.433793
chr5	151000000	151834684	0.4160931774749416
chr6	0	1000000	
chr6	1000000	2000000	
chr6	2000000	3000000	
chr6	3000000	4000000	0.39640315789473685
chr6	4000000	5000000	0.39945
chr6	5000000	6000000	0.415983
chr6	6000000	7000000	0.41367
chr6	7000000	8000000	0.406574
chr6	8000000	9000000	0.402787
chr6	9000000	10000000	0.374311
chr6	10000000	11000000	0.37206
chr6	11000000	12000000	0.382496
chr6	12000000	13000000	0.379728
chr6	13000000	14000000	0.390607
chr6	14000000	15000000	0.376095
chr6	15000000	16000000	0.376155
chr6	16000000	17000000	0.377609
chr6	17000000	18000000	0.41025
chr6	18000000	19000000	0.390297
chr6	19000000	20000000	0.372391
chr6	20000000	21000000	0.366934
chr6	21000000	22000000	0.378995
chr6	22000000	23000000	0.404313
chr6	23000000	24000000	0.398145
chr6	24000000	25000000	0.394202
chr6	25000000	26000000	0.377291
chr6	26000000	27000000	0.367738
chr6	27000000	28000000	0.378332
chr6	28000000	29000000	0.428825
chr6	29000000	30000000	0.453141
chr6	30000000	31000000	0.43901052631578946
chr6	31000000	32000000	0.443617
chr6	32000000	33000000	0.438639
chr6	33000000	34000000	0.404445
chr6	34000000	35000000	0.441195
chr6	35000000	36000000	0.413368
chr6	36000000	37000000	0.391696
chr6	37000000	38000000	0.425975
chr6	38000000	39000000	0.442707
chr6	39000000	40000000	0.437686
chr6	40000000	41000000	0.410136
chr6	41000000	42000000	0.398272
chr6	42000000	43000000	0.406399
chr6	43000000	44000000	0.395527
chr6	44000000	45000000	0.370445
chr6	45000000	46000000	0.361716
chr6	46000000	47000000	0.382621
chr6	47000000	48000000	0.43002315789473683
chr6	48000000	49000000	0.456088
chr6	49000000	50000000	0.429344
chr6	50000000	51000000	0.43702
chr6	51000000	52000000	0.438062
chr6	52000000	53000000	0.437791
chr6	53000000	54000000	0.435168
chr6	54000000	55000000	0.44662
chr6	55000000	56000000	0.44482
chr6	56000000	57000000	0.408643
chr6	57000000	58000000	0.39104
chr6	58000000	59000000	0.397141
chr6	59000000	60000000	0.386572
chr6	60000000	61000000	0.378966
chr6	61000000	62000000	0.377061
chr6	62000000	63000000	0.366757
chr6	63000000	64000000	0.366707
chr6	64000000	65000000	0.392752
chr6	65000000	66000000	0.399493
chr6	66000000	67000000	0.395457
chr6	67000000	68000000	0.404562
chr6	68000000	69000000	0.38644
chr6	69000000	70000000	0.376406
chr6	70000000	71000000	0.412614
chr6	71000000	72000000	0.43594
chr6	72000000	73000000	0.46733
chr6	73000000	74000000	0.415533
chr6	74000000	75000000	0.368104
chr6	75000000	76000000	0.36663
chr6	76000000	77000000	0.375424
chr6	77000000	78000000	0.39243
chr6	78000000	79000000	0.385898
chr6	79000000	80000000	0.373587
chr6	80000000	81000000	0.376093
chr6	81000000	82000000	0.407045
chr6	82000000	83000000	0.441193
chr6	83000000	84000000	0.467057
chr6	84000000	85000000	0.450045
chr6	85000000	86000000	0.452559
chr6	86000000	87000000	0.459967
chr6	87000000	88000000	0.457636
chr6	88000000	89000000	0.476661
chr6	89000000	90000000	0.453076
chr6	90000000	91000000	0.461246
chr6	91000000	92000000	0.487407
chr6	92000000	93000000	0.435235
chr6	93000000	94000000	0.41746
chr6	94000000	95000000	0.437678
chr6	95000000	96000000	0.416188
chr6	96000000	97000000	0.400267
chr6	97000000	98000000	0.432671
chr6	98000000	99000000	0.408069
chr6	99000000	100000000	0.4519
chr6	100000000	101000000	0.460995
chr6	101000000	102000000	0.414031
chr6	102000000	103000000	0.383191
chr6	103000000	104000000	0.381073
chr6	104000000	105000000	0.370687
chr6	105000000	106000000	0.374156
chr6	106000000	107000000	0.386113
chr6	107000000	108000000	0.396223
chr6	108000000	109000000	0.433603
chr6	109000000	110000000	0.383917
chr6	110000000	111000000	0.372806
chr6	111000000	112000000	0.394024
chr6	112000000	113000000	0.445
chr6	113000000	114000000	0.469941
chr6	114000000	115000000	0.494382
chr6	115000000	116000000	0.452355
chr6	116000000	117000000	0.425446
chr6	117000000	118000000	0.445769
chr6	118000000	119000000	0.456449
chr6	119000000	120000000	0.439706
chr6	120000000	121000000	0.450336351009053
chr6	121000000	122000000	0.443782
chr6	122000000	123000000	0.43199
chr6	123000000	124000000	0.389919
chr6	124000000	125000000	0.445224
chr6	125000000	126000000	0.472042
chr6	126000000	127000000	0.44933
chr6	127000000	128000000	0.470303
chr6	128000000	129000000	0.451332
chr6	129000000	130000000	0.393503
chr6	130000000	131000000	0.374495
chr6	131000000	132000000	0.391455
chr6	132000000	133000000	0.374746
chr6	133000000	134000000	0.386505
chr6	134000000	135000000	0.442326
chr6	135000000	136000000	0.446581
chr6	136000000	137000000	0.441373
chr6	137000000	138000000	0.434153
chr6	138000000	139000000	0.394793
chr6	139000000	140000000	0.39058105263157894
chr6	140000000	141000000	0.434306
chr6	141000000	142000000	0.399911
chr6	142000000	143000000	0.424932
chr6	143000000	144000000	0.429578
chr6	144000000	145000000	0.432016
chr6	145000000	146000000	0.456043
chr6	146000000	147000000	0.4427105263157895
chr6	147000000	148000000	0.431313
chr6	148000000	149000000	0.419083
chr6	149000000	149736546	0.3970924701557934
chr7	0	1000000	
chr7	1000000	2000000	
chr7	2000000	3000000	
chr7	3000000	4000000	0.4445439015693767
chr7	4000000	5000000	0.460697
chr7	5000000	6000000	0.411214
chr7	6000000	7000000	0.439566
chr7	7000000	8000000	0.394002
chr7	8000000	9000000	0.381835
chr7	9000000	10000000	0.3828442105263158
chr7	10000000	11000000	0.389938
chr7	11000000	12000000	0.409008
chr7	12000000	13000000	0.409243
chr7	13000000	14000000	0.40973
chr7	14000000	15000000	0.402774
chr7	15000000	16000000	0.425883
chr7	16000000	17000000	0.483155
chr7	17000000	18000000	0.412847
chr7	18000000	19000000	0.436733
chr7	19000000	20000000	0.507954
chr7	20000000	21000000	0.408996
chr7	21000000	22000000	0.41006631578947367
chr7	22000000	23000000	0.409632
chr7	23000000	24000000	0.40299
chr7	24000000	25000000	0.4796
chr7	25000000	26000000	0.484217
chr7	26000000	27000000	0.411584
chr7	27000000	28000000	0.466564
chr7	28000000	29000000	0.490812
chr7	29000000	30000000	0.474574
chr7	30000000	31000000	0.487546
chr7	31000000	32000000	0.426472
chr7	32000000	33000000	0.406878
chr7	33000000	34000000	0.409694
chr7	34000000	35000000	0.464134
chr7	35000000	36000000	0.471367
chr7	36000000	37000000	0.450488
chr7	37000000	38000000	0.455143
chr7	38000000	39000000	0.42897473684210524
chr7	39000000	40000000	0.4179833333333333
chr7	40000000	41000000	0.425549
chr7	41000000	42000000	0.398618
chr7	42000000	43000000	0.397172
chr7	43000000	44000000	0.447062
chr7	44000000	45000000	0.497785
chr7	45000000	46000000	0.50813
chr7	46000000	47000000	0.47964459289185785
chr7	47000000	48000000	0.416116
chr7	48000000	49000000	0.409769
chr7	49000000	50000000	0.468389
chr7	50000000	51000000	0.407759
chr7	51000000	52000000	0.401746
chr7	52000000	53000000	0.383466
chr7	53000000	54000000	0.379087
chr7	54000000	55000000	0.378926
chr7	55000000	56000000	0.393821
chr7	56000000	57000000	0.405581
chr7	57000000	58000000	0.4015
chr7	58000000	59000000	0.4026
chr7	59000000	60000000	0.41303368421052633
chr7	60000000	61000000	0.3775
chr7	61000000	62000000	0.373491
chr7	62000000	63000000	0.388475
chr7	63000000	64000000	0.428987
chr7	64000000	65000000	0.449823
chr7	65000000	66000000	0.444947
chr7	66000000	67000000	0.455961
chr7	67000000	68000000	0.442969
chr7	68000000	69000000	0.437217
chr7	69000000	70000000	0.387409
chr7	70000000	71000000	0.411816
chr7	71000000	72000000	0.398427
chr7	72000000	73000000	0.405577
chr7	73000000	74000000	0.446108
chr7	74000000	75000000	0.426646
chr7	75000000	76000000	0.426665
chr7	76000000	77000000	0.396174
chr7	77000000	78000000	0.383922
chr7	78000000	79000000	0.440133
chr7	79000000	80000000	0.474989
chr7	80000000	81000000	0.470422
chr7	81000000	82000000	0.448865
chr7	82000000	83000000	0.43709344057423016
chr7	83000000	84000000	0.430729
chr7	84000000	85000000	0.423673
chr7	85000000	86000000	0.369001
chr7	86000000	87000000	0.368044
chr7	87000000	88000000	0.369095
chr7	88000000	89000000	0.380694
chr7	89000000	90000000	0.41403
chr7	90000000	91000000	0.395973
chr7	91000000	92000000	0.376219
chr7	92000000	93000000	0.406342
chr7	93000000	94000000	0.380731
chr7	94000000	95000000	0.36872
chr7	95000000	96000000	0.394381
chr7	96000000	97000000	0.446058
chr7	97000000	98000000	0.418523
chr7	98000000	99000000	0.46728
chr7	99000000	100000000	0.473897
chr7	100000000	101000000	0.448759
chr7	101000000	102000000	0.459118
chr7	102000000	103000000	0.416157
chr7	103000000	104000000	0.38133
chr7	104000000	105000000	0.40177
chr7	105000000	106000000	0.42196731815409383
chr7	106000000	107000000	0.3914497191919483
chr7	107000000	108000000	0.415291
chr7	108000000	109000000	0.396045
chr7	109000000	110000000	0.445934
chr7	110000000	111000000	0.431224
chr7	111000000	112000000	0.444546
chr7	112000000	113000000	0.457558
chr7	113000000	114000000	0.434711
chr7	114000000	115000000	0.416578
chr7	115000000	116000000	0.415902
chr7	116000000	117000000	0.435917
chr7	117000000	118000000	0.445378
chr7	118000000	119000000	0.457172
chr7	119000000	120000000	0.430551
chr7	120000000	121000000	0.42537
chr7	121000000	122000000	0.447697
chr7	122000000	123000000	0.451204
chr7	123000000	124000000	0.436962
chr7	124000000	125000000	0.418494
chr7	125000000	126000000	0.470654
chr7	126000000	127000000	0.478859
chr7	127000000	128000000	0.476784
chr7	128000000	129000000	0.448191
chr7	129000000	130000000	0.437801
chr7	130000000	131000000	0.455438
chr7	131000000	132000000	0.44826844826844825
chr7	132000000	133000000	0.4651
chr7	133000000	134000000	0.45545
chr7	134000000	135000000	0.443186
chr7	135000000	136000000	0.453417
chr7	136000000	137000000	0.445424
chr7	137000000	138000000	0.458402
chr7	138000000	139000000	0.45757
chr7	139000000	140000000	0.4930556127703399
chr7	140000000	141000000	0.440288
chr7	141000000	142000000	0.4962054594707231
chr7	142000000	143000000	0.473156
chr7	143000000	144000000	0.479536
chr7	144000000	145000000	0.494515
chr7	145000000	145441459	0.5004583273540893
chr8	0	1000000	
chr8	1000000	2000000	
chr8	2000000	3000000	
chr8	3000000	4000000	0.444667
chr8	4000000	5000000	0.425785
chr8	5000000	6000000	0.376736
chr8	6000000	7000000	0.367525
chr8	7000000	8000000	0.374052
chr8	8000000	9000000	0.426749
chr8	9000000	10000000	0.41937
chr8	10000000	11000000	0.445023
chr8	11000000	12000000	0.479981
chr8	12000000	13000000	0.482628
chr8	13000000	14000000	0.478326
chr8	14000000	15000000	0.456277
chr8	15000000	16000000	0.42924
chr8	16000000	17000000	0.405111
chr8	17000000	18000000	0.394117
chr8	18000000	19000000	0.42785
chr8	19000000	20000000	0.4133266666666667
chr8	20000000	21000000	0.42001733333333335
chr8	21000000	22000000	0.404114
chr8	22000000	23000000	0.439178
chr8	23000000	24000000	0.447651
chr8	24000000	25000000	0.426536
chr8	25000000	26000000	0.454785
chr8	26000000	27000000	0.439397
chr8	27000000	28000000	0.42156
chr8	28000000	29000000	0.395861
chr8	29000000	30000000	0.386371
chr8	30000000	31000000	0.39322
chr8	31000000	32000000	0.413432
chr8	32000000	33000000	0.394577
chr8	33000000	34000000	0.42391164055097585
chr8	34000000	35000000	0.4396449345359812
chr8	35000000	36000000	0.438866
chr8	36000000	37000000	0.425556
chr8	37000000	38000000	0.374177
chr8	38000000	39000000	0.365584
chr8	39000000	40000000	0.3803050397877984
chr8	40000000	41000000	0.402005
chr8	41000000	42000000	0.399862
chr8	42000000	43000000	0.372384
chr8	43000000	44000000	0.395637
chr8	44000000	45000000	0.397418
chr8	45000000	46000000	0.41513
chr8	46000000	47000000	0.437621
chr8	47000000	48000000	0.445199
chr8	48000000	49000000	0.424572
chr8	49000000	50000000	0.380351
chr8	50000000	51000000	0.362041
chr8	51000000	52000000	0.361852
chr8	52000000	53000000	0.365292
chr8	53000000	54000000	0.370503
chr8	54000000	55000000	0.378021
chr8	55000000	56000000	0.39140874035989714
chr8	56000000	57000000	0.381683
chr8	57000000	58000000	0.41292
chr8	58000000	59000000	0.368018
chr8	59000000	60000000	0.371339
chr8	60000000	61000000	0.398277
chr8	61000000	62000000	0.419217
chr8	62000000	63000000	0.376077
chr8	63000000	64000000	0.370015
chr8	64000000	65000000	0.4061194779116466
chr8	65000000	66000000	0.391663
chr8	66000000	67000000	0.391827
chr8	67000000	68000000	0.395969
chr8	68000000	69000000	0.411285
chr8	69000000	70000000	0.436844
chr8	70000000	71000000	0.513152
chr8	71000000	72000000	0.465912
chr8	72000000	73000000	0.4586884210526316
chr8	73000000	74000000	0.400619
chr8	74000000	75000000	0.408045
chr8	75000000	76000000	0.406518
chr8	76000000	77000000	0.388302
chr8	77000000	78000000	0.430371
chr8	78000000	79000000	0.429565
chr8	79000000	80000000	0.426119
chr8	80000000	81000000	0.418836
chr8	81000000	82000000	0.392084
chr8	82000000	83000000	0.400236
chr8	83000000	84000000	0.456548
chr8	84000000	85000000	0.496754
chr8	85000000	86000000	0.420949
chr8	86000000	87000000	0.435637
chr8	87000000	88000000	0.469473
chr8	88000000	89000000	0.466171
chr8	89000000	90000000	0.432642
chr8	90000000	91000000	0.426279
chr8	91000000	92000000	0.45161
chr8	92000000	93000000	0.452094
chr8	93000000	94000000	0.434366
chr8	94000000	95000000	0.468038
chr8	95000000	96000000	0.468746
chr8	96000000	97000000	0.391405
chr8	97000000	98000000	0.377771
chr8	98000000	99000000	0.37005
chr8	99000000	100000000	0.372093
chr8	100000000	101000000	0.370958
chr8	101000000	102000000	0.370123
chr8	102000000	103000000	0.38095
chr8	103000000	104000000	0.420149
chr8	104000000	105000000	0.44981
chr8	105000000	106000000	0.469236
chr8	106000000	107000000	0.456383
chr8	107000000	108000000	0.442509
chr8	108000000	109000000	0.44969
chr8	109000000	110000000	0.432632
chr8	110000000	111000000	0.464296
chr8	111000000	112000000	0.456088
chr8	112000000	113000000	0.412791
chr8	113000000	114000000	0.419912
chr8	114000000	115000000	0.448404
chr8	115000000	116000000	0.446876
chr8	116000000	117000000	0.447678
chr8	117000000	118000000	0.481778
chr8	118000000	119000000	0.45452
chr8	119000000	120000000	0.494538
chr8	120000000	121000000	0.524105
chr8	121000000	122000000	0.512916
chr8	122000000	123000000	0.51854
chr8	123000000	124000000	0.500448
chr8	124000000	125000000	0.486329
chr8	125000000	126000000	0.480455
chr8	126000000	127000000	0.467257
chr8	127000000	128000000	0.426641
chr8	128000000	129000000	0.408585
chr8	129000000	129401213	0.39291796834797965
chr9	0	1000000	
chr9	1000000	2000000	
chr9	2000000	3000000	
chr9	3000000	4000000	0.395021
chr9	4000000	5000000	0.380895
chr9	5000000	6000000	0.376831
chr9	6000000	7000000	0.396601
chr9	7000000	8000000	0.409194
chr9	8000000	9000000	0.400003
chr9	9000000	10000000	0.397127
chr9	10000000	11000000	0.376315
chr9	11000000	12000000	0.377004
chr9	12000000	13000000	0.384211
chr9	13000000	14000000	0.4153944727684268
chr9	14000000	15000000	0.443216
chr9	15000000	16000000	0.437108
chr9	16000000	17000000	0.401082
chr9	17000000	18000000	0.374959
chr9	18000000	19000000	0.388243
chr9	19000000	20000000	0.378129
chr9	20000000	21000000	0.436001
chr9	21000000	22000000	0.494248
chr9	22000000	23000000	0.438254
chr9	23000000	24000000	0.409942
chr9	24000000	25000000	0.4094
chr9	25000000	26000000	0.409346
chr9	26000000	27000000	0.412759
chr9	27000000	28000000	0.433485
chr9	28000000	29000000	0.408417
chr9	29000000	30000000	0.426687
chr9	30000000	31000000	0.429182
chr9	31000000	32000000	0.435458
chr9	32000000	33000000	0.435692
chr9	33000000	34000000	0.390931
chr9	34000000	35000000	0.429446
chr9	35000000	36000000	0.424883
chr9	36000000	37000000	0.405402
chr9	37000000	38000000	0.424711
chr9	38000000	39000000	0.373688
chr9	39000000	40000000	0.373589
chr9	40000000	41000000	0.438481
chr9	41000000	42000000	0.436727
chr9	42000000	43000000	0.463194
chr9	43000000	44000000	0.480133
chr9	44000000	45000000	0.471305
chr9	45000000	46000000	0.481142
chr9	46000000	47000000	0.461443
chr9	47000000	48000000	0.44378
chr9	48000000	49000000	0.449757
chr9	49000000	50000000	0.43996
chr9	50000000	51000000	0.437721
chr9	51000000	52000000	0.419023
chr9	52000000	53000000	0.408832
chr9	53000000	54000000	0.41174455130926246
chr9	54000000	55000000	0.436303
chr9	55000000	56000000	0.419084
chr9	56000000	57000000	0.46073
chr9	57000000	58000000	0.465012
chr9	58000000	59000000	0.464466
chr9	59000000	60000000	0.421986
chr9	60000000	61000000	0.453385
chr9	61000000	62000000	0.482976
chr9	62000000	63000000	0.464958
chr9	63000000	64000000	0.458881
chr9	64000000	65000000	0.459318
chr9	65000000	66000000	0.451539
chr9	66000000	67000000	0.432895
chr9	67000000	68000000	0.448083
chr9	68000000	69000000	0.43363
chr9	69000000	70000000	0.440695
chr9	70000000	71000000	0.433759
chr9	71000000	72000000	0.439104
chr9	72000000	73000000	0.414094
chr9	73000000	74000000	0.419018
chr9	74000000	75000000	0.41908
chr9	75000000	76000000	0.42169
chr9	76000000	77000000	0.380148
chr9	77000000	78000000	0.420165
chr9	78000000	79000000	0.430835
chr9	79000000	80000000	0.398207
chr9	80000000	81000000	0.3938437050729102
chr9	81000000	82000000	0.378515
chr9	82000000	83000000	0.383083
chr9	83000000	84000000	0.417977
chr9	84000000	85000000	0.385346
chr9	85000000	86000000	0.397809
chr9	86000000	87000000	0.41088
chr9	87000000	88000000	0.413546
chr9	88000000	89000000	0.414192
chr9	89000000	90000000	0.422466
chr9	90000000	91000000	0.405239
chr9	91000000	92000000	0.381216
chr9	92000000	93000000	0.388545
chr9	93000000	94000000	0.375723
chr9	94000000	95000000	0.404041
chr9	95000000	96000000	0.418227
chr9	96000000	97000000	0.444046
chr9	97000000	98000000	0.433335
chr9	98000000	99000000	0.449493
chr9	99000000	100000000	0.442426
chr9	100000000	101000000	0.404954
chr9	101000000	102000000	0.4258459989934575
chr9	102000000	103000000	0.460707
chr9	103000000	104000000	0.454192
chr9	104000000	105000000	0.427768
chr9	105000000	106000000	0.436914
chr9	106000000	107000000	0.467277
chr9	107000000	108000000	0.471268
chr9	108000000	109000000	0.4755284210526316
chr9	109000000	110000000	0.437011
chr9	110000000	111000000	0.465199
chr9	111000000	112000000	0.436555
chr9	112000000	113000000	0.407668
chr9	113000000	114000000	0.433198
chr9	114000000	115000000	0.45896
chr9	115000000	116000000	0.454802
chr9	116000000	117000000	0.435644
chr9	117000000	118000000	0.436542
chr9	118000000	119000000	0.454996
chr9	119000000	120000000	0.486627
chr9	120000000	121000000	0.474049
chr9	121000000	122000000	0.489008
chr9	122000000	123000000	0.449886
chr9	123000000	124000000	0.4351204629519402
chr9	124000000	124595110	0.3960417971554714
chr10	0	1000000	
chr10	1000000	2000000	
chr10	2000000	3000000	
chr10	3000000	4000000	0.4271696855206134
chr10	4000000	5000000	0.432957
chr10	5000000	6000000	0.412082
chr10	6000000	7000000	0.396825
chr10	7000000	8000000	0.43212331204789173
chr10	8000000	9000000	0.435431
chr10	9000000	10000000	0.405916
chr10	10000000	11000000	0.397056
chr10	11000000	12000000	0.401028
chr10	12000000	13000000	0.411949
chr10	13000000	14000000	0.422583
chr10	14000000	15000000	0.398306
chr10	15000000	16000000	0.37154
chr10	16000000	17000000	0.364273
chr10	17000000	18000000	0.400382
chr10	18000000	19000000	0.424368
chr10	19000000	20000000	0.419161
chr10	20000000	21000000	0.42158
chr10	21000000	22000000	0.429524
chr10	22000000	23000000	0.428072
chr10	23000000	24000000	0.406729
chr10	24000000	25000000	0.41357
chr10	25000000	26000000	0.422371
chr10	26000000	27000000	0.40415
chr10	27000000	28000000	0.382233
chr10	28000000	29000000	0.386038
chr10	29000000	30000000	0.384386
chr10	30000000	31000000	0.393286
chr10	31000000	32000000	0.397396
chr10	32000000	33000000	0.372913
chr10	33000000	34000000	0.377518
chr10	34000000	35000000	0.393836
chr10	35000000	36000000	0.37083
chr10	36000000	37000000	0.386403
chr10	37000000	38000000	0.390863
chr10	38000000	39000000	0.388052
chr10	39000000	40000000	0.431045
chr10	40000000	41000000	0.432607
chr10	41000000	42000000	0.445086
chr10	42000000	43000000	0.452915
chr10	43000000	44000000	0.443376
chr10	44000000	45000000	0.420013
chr10	45000000	46000000	0.409384
chr10	46000000	47000000	0.379008
chr10	47000000	48000000	0.369834
chr10	48000000	49000000	0.364292
chr10	49000000	50000000	0.363477
chr10	50000000	51000000	0.382006
chr10	51000000	52000000	0.388894
chr10	52000000	53000000	0.405482
chr10	53000000	54000000	0.408599
chr10	54000000	55000000	0.383179
chr10	55000000	56000000	0.374767
chr10	56000000	57000000	0.39433
chr10	57000000	58000000	0.38772596588200775
chr10	58000000	59000000	0.42870040987993224
chr10	59000000	60000000	0.447267
chr10	60000000	61000000	0.49946
chr10	61000000	62000000	0.486939
chr10	62000000	63000000	0.463706
chr10	63000000	64000000	0.422415
chr10	64000000	65000000	0.383814
chr10	65000000	66000000	0.371082
chr10	66000000	67000000	0.415522
chr10	67000000	68000000	0.4372604523908893
chr10	68000000	69000000	0.420731
chr10	69000000	70000000	0.441653
chr10	70000000	71000000	0.442543
chr10	71000000	72000000	0.426979
chr10	72000000	73000000	0.390295
chr10	73000000	74000000	0.385227
chr10	74000000	75000000	0.400933
chr10	75000000	76000000	0.47331794663589327
chr10	76000000	77000000	0.461194
chr10	77000000	78000000	0.491872
chr10	78000000	79000000	0.457365
chr10	79000000	80000000	0.457336
chr10	80000000	81000000	0.536939
chr10	81000000	82000000	0.497332
chr10	82000000	83000000	0.421977
chr10	83000000	84000000	0.458223
chr10	84000000	85000000	0.449931
chr10	85000000	86000000	0.444846
chr10	86000000	87000000	0.449235
chr10	87000000	88000000	0.416125
chr10	88000000	89000000	0.422154
chr10	89000000	90000000	0.414341
chr10	90000000	91000000	0.408963
chr10	91000000	92000000	0.415182
chr10	92000000	93000000	0.410596
chr10	93000000	94000000	0.439108
chr10	94000000	95000000	0.440924
chr10	95000000	96000000	0.439265
chr10	96000000	97000000	0.415216
chr10	97000000	98000000	0.383147
chr10	98000000	99000000	0.3902
chr10	99000000	100000000	0.415776
chr10	100000000	101000000	0.385831
chr10	101000000	102000000	0.362059
chr10	102000000	103000000	0.367211
chr10	103000000	104000000	0.371014
chr10	104000000	105000000	0.372596
chr10	105000000	106000000	0.393234
chr10	106000000	107000000	0.373322
chr10	107000000	108000000	0.38465
chr10	108000000	109000000	0.402243
chr10	109000000	110000000	0.379262
chr10	110000000	111000000	0.405746
chr10	111000000	112000000	0.431025
chr10	112000000	113000000	0.387582
chr10	113000000	114000000	0.366288
chr10	114000000	115000000	0.378078
chr10	115000000	116000000	0.416137
chr10	116000000	117000000	0.428144
chr10	117000000	118000000	0.444451
chr10	118000000	119000000	0.438085
chr10	119000000	120000000	0.434006
chr10	120000000	121000000	0.439085
chr10	121000000	122000000	0.452612
chr10	122000000	123000000	0.432089
chr10	123000000	124000000	0.401042
chr10	124000000	125000000	0.375068
chr10	125000000	126000000	0.405101
chr10	126000000	127000000	0.434395
chr10	127000000	128000000	0.483131
chr10	128000000	129000000	0.464564
chr10	129000000	130000000	0.380353
chr10	130000000	130694993	0.38213054607365127
chr11	0	1000000	
chr11	1000000	2000000	
chr11	2000000	3000000	
chr11	3000000	4000000	0.46574
chr11	4000000	5000000	0.464531
chr11	5000000	6000000	0.465152
chr11	6000000	7000000	0.462807
chr11	7000000	8000000	0.422664
chr11	8000000	9000000	0.43866
chr11	9000000	10000000	0.402749
chr11	10000000	11000000	0.382848
chr11	11000000	12000000	0.409482
chr11	12000000	13000000	0.406279
chr11	13000000	14000000	0.377106
chr11	14000000	15000000	0.370945
chr11	15000000	16000000	0.369681
chr11	16000000	17000000	0.396846
chr11	17000000	18000000	0.400073
chr11	18000000	19000000	0.39709
chr11	19000000	20000000	0.433564
chr11	20000000	21000000	0.444799
chr11	21000000	22000000	0.40194
chr11	22000000	23000000	0.419276
chr11	23000000	24000000	0.411146
chr11	24000000	25000000	0.422412
chr11	25000000	26000000	0.389623
chr11	26000000	27000000	0.385331
chr11	27000000	28000000	0.381574
chr11	28000000	29000000	0.386284
chr11	29000000	30000000	0.398412
chr11	30000000	31000000	0.402952
chr11	31000000	32000000	0.428602
chr11	32000000	33000000	0.46614
chr11	33000000	34000000	0.443268
chr11	34000000	35000000	0.4395924494036382
chr11	35000000	36000000	0.460502
chr11	36000000	37000000	0.416294
chr11	37000000	38000000	0.37958
chr11	38000000	39000000	0.36763
chr11	39000000	40000000	0.363974
chr11	40000000	41000000	0.395533
chr11	41000000	42000000	0.375286
chr11	42000000	43000000	0.375748
chr11	43000000	44000000	0.434555
chr11	44000000	45000000	0.428588
chr11	45000000	46000000	0.423207
chr11	46000000	47000000	0.434074
chr11	47000000	48000000	0.397346
chr11	48000000	49000000	0.416048
chr11	49000000	50000000	0.431381
chr11	50000000	51000000	0.462863
chr11	51000000	52000000	0.46136
chr11	52000000	53000000	0.460714
chr11	53000000	54000000	0.459022
chr11	54000000	55000000	0.439682
chr11	55000000	56000000	0.456424
chr11	56000000	57000000	0.417708
chr11	57000000	58000000	0.462673
chr11	58000000	59000000	0.45065
chr11	59000000	60000000	0.482595
chr11	60000000	61000000	0.479804
chr11	61000000	62000000	0.460614
chr11	62000000	63000000	0.439029
chr11	63000000	64000000	0.442137
chr11	64000000	65000000	0.427941
chr11	65000000	66000000	0.42869
chr11	66000000	67000000	0.426163
chr11	67000000	68000000	0.451926
chr11	68000000	69000000	0.46376
chr11	69000000	70000000	0.489508
chr11	70000000	71000000	0.464833
chr11	71000000	72000000	0.442008
chr11	72000000	73000000	0.460074
chr11	73000000	74000000	0.416289
chr11	74000000	75000000	0.440606
chr11	75000000	76000000	0.474164
chr11	76000000	77000000	0.46175
chr11	77000000	78000000	0.441319
chr11	78000000	79000000	0.463812
chr11	79000000	80000000	0.460427
chr11	80000000	81000000	0.44147
chr11	81000000	82000000	0.451107
chr11	82000000	83000000	0.467113
chr11	83000000	84000000	0.440242
chr11	84000000	85000000	0.448062
chr11	85000000	86000000	0.433597
chr11	86000000	87000000	0.417735
chr11	87000000	88000000	0.445251
chr11	88000000	89000000	0.475049
chr11	89000000	90000000	0.440919
chr11	90000000	91000000	0.423053
chr11	91000000	92000000	0.379732
chr11	92000000	93000000	0.37909
chr11	93000000	94000000	0.416226
chr11	94000000	95000000	0.473796
chr11	95000000	96000000	0.482494
chr11	96000000	97000000	0.46537
chr11	97000000	98000000	0.489186
chr11	98000000	99000000	0.481614
chr11	99000000	100000000	0.439255
chr11	100000000	101000000	0.482783
chr11	101000000	102000000	0.472177
chr11	102000000	103000000	0.484109
chr11	103000000	104000000	0.471364
chr11	104000000	105000000	0.436001
chr11	105000000	106000000	0.426715
chr11	106000000	107000000	0.45596
chr11	107000000	108000000	0.462082
chr11	108000000	109000000	0.433555
chr11	109000000	110000000	0.454065
chr11	110000000	111000000	0.408254
chr11	111000000	112000000	0.394949
chr11	112000000	113000000	0.429778
chr11	113000000	114000000	0.49044
chr11	114000000	115000000	0.488776
chr11	115000000	116000000	0.499478
chr11	116000000	117000000	0.502055
chr11	117000000	118000000	0.505637
chr11	118000000	119000000	0.51391
chr11	119000000	120000000	0.502935
chr11	120000000	121000000	0.510214
chr11	121000000	122000000	0.45028970742247415
chr11	122000000	122082543	
chr12	0	1000000	
chr12	1000000	2000000	
chr12	2000000	3000000	
chr12	3000000	4000000	0.440976
chr12	4000000	5000000	0.431574
chr12	5000000	6000000	0.432681
chr12	6000000	7000000	0.380073
chr12	7000000	8000000	0.394448
chr12	8000000	9000000	0.445775
chr12	9000000	10000000	0.412576
chr12	10000000	11000000	0.395234
chr12	11000000	12000000	0.403029
chr12	12000000	13000000	0.430306
chr12	13000000	14000000	0.420881
chr12	14000000	15000000	0.380028
chr12	15000000	16000000	0.395919
chr12	16000000	17000000	0.436417
chr12	17000000	18000000	0.46459
chr12	18000000	19000000	0.442752
chr12	19000000	20000000	0.451623
chr12	20000000	21000000	0.449708
chr12	21000000	22000000	0.448899
chr12	22000000	23000000	0.447226
chr12	23000000	24000000	0.449655
chr12	24000000	25000000	0.450032
chr12	25000000	26000000	0.436797
chr12	26000000	27000000	0.427535
chr12	27000000	28000000	0.421949
chr12	28000000	29000000	0.4406934406934407
chr12	29000000	30000000	0.446113
chr12	30000000	31000000	0.420763
chr12	31000000	32000000	0.416486
chr12	32000000	33000000	0.420533
chr12	33000000	34000000	0.421707
chr12	34000000	35000000	0.391524
chr12	35000000	36000000	0.398469
chr12	36000000	37000000	0.39425
chr12	37000000	38000000	0.369182
chr12	38000000	39000000	0.373284
chr12	39000000	40000000	0.37962
chr12	40000000	41000000	0.410923
chr12	41000000	42000000	0.38756492852828667
chr12	42000000	43000000	0.37346
chr12	43000000	44000000	0.373398
chr12	44000000	45000000	0.399341
chr12	45000000	46000000	0.384815
chr12	46000000	47000000	0.376164
chr12	47000000	48000000	0.366377
chr12	48000000	49000000	0.367694
chr12	49000000	50000000	0.379696
chr12	50000000	51000000	0.384706
chr12	51000000	52000000	0.413906
chr12	52000000	53000000	0.412311
chr12	53000000	54000000	0.408418
chr12	54000000	55000000	0.438467
chr12	55000000	56000000	0.417888
chr12	56000000	57000000	0.411209
chr12	57000000	58000000	0.394075
chr12	58000000	59000000	0.392716
chr12	59000000	60000000	0.399254
chr12	60000000	61000000	0.36816
chr12	61000000	62000000	0.366146
chr12	62000000	63000000	0.36806
chr12	63000000	64000000	0.365106
chr12	64000000	65000000	0.382843
chr12	65000000	66000000	0.386877
chr12	66000000	67000000	0.36901
chr12	67000000	68000000	0.372621
chr12	68000000	69000000	0.38756
chr12	69000000	70000000	0.431929
chr12	70000000	71000000	0.436722
chr12	71000000	72000000	0.4341
chr12	72000000	73000000	0.423191
chr12	73000000	74000000	0.433081
chr12	74000000	75000000	0.40212
chr12	75000000	76000000	0.422964
chr12	76000000	77000000	0.460037
chr12	77000000	78000000	0.419951
chr12	78000000	79000000	0.39085
chr12	79000000	80000000	0.437346
chr12	80000000	81000000	0.457094
chr12	81000000	82000000	0.437045
chr12	82000000	83000000	0.440863
chr12	83000000	84000000	0.453411
chr12	84000000	85000000	0.460176
chr12	85000000	86000000	0.454515
chr12	86000000	87000000	0.476704
chr12	87000000	88000000	0.43736888888888886
chr12	88000000	89000000	0.425508
chr12	89000000	90000000	0.389114
chr12	90000000	91000000	0.387638
chr12	91000000	92000000	0.421306
chr12	92000000	93000000	0.380832
chr12	93000000	94000000	0.368071
chr12	94000000	95000000	0.369042
chr12	95000000	96000000	0.376613
chr12	96000000	97000000	0.368838
chr12	97000000	98000000	0.383707
chr12	98000000	99000000	0.420974
chr12	99000000	100000000	0.451392
chr12	100000000	101000000	0.454925
chr12	101000000	102000000	0.406872
chr12	102000000	103000000	0.462987
chr12	103000000	104000000	0.45901
chr12	104000000	105000000	0.471101
chr12	105000000	106000000	0.476881
chr12	106000000	107000000	0.463751
chr12	107000000	108000000	0.464369
chr12	108000000	109000000	0.484263
chr12	109000000	110000000	0.456904
chr12	110000000	111000000	0.476566
chr12	111000000	112000000	0.479977
chr12	112000000	113000000	0.517414
chr12	113000000	114000000	0.443923
chr12	114000000	115000000	0.391755
chr12	115000000	116000000	0.3892193892193892
chr12	116000000	117000000	0.431644
chr12	117000000	118000000	0.441233
chr12	118000000	119000000	0.406918
chr12	119000000	120000000	0.381617
chr12	120000000	120129022	0.3494590310798704
chr13	0	1000000	
chr13	1000000	2000000	
chr13	2000000	3000000	
chr13	3000000	4000000	0.422938
chr13	4000000	5000000	0.386468
chr13	5000000	6000000	0.384904
chr13	6000000	7000000	0.409038
chr13	7000000	8000000	0.383224
chr13	8000000	9000000	0.408548
chr13	9000000	10000000	0.416916
chr13	10000000	11000000	0.395485
chr13	11000000	12000000	0.4061762091177067
chr13	12000000	13000000	0.427933
chr13	13000000	14000000	0.412516
chr13	14000000	15000000	0.395086
chr13	15000000	16000000	0.402602
chr13	16000000	17000000	0.388264
chr13	17000000	18000000	0.391209
chr13	18000000	19000000	0.401651
chr13	19000000	20000000	0.402645
chr13	20000000	21000000	0.419168
chr13	21000000	22000000	0.416033
chr13	22000000	23000000	0.404437
chr13	23000000	24000000	0.415756
chr13	24000000	25000000	0.44226
chr13	25000000	26000000	0.40357
chr13	26000000	27000000	0.380976
chr13	27000000	28000000	0.371096
chr13	28000000	29000000	0.411303
chr13	29000000	30000000	0.425453
chr13	30000000	31000000	0.426498
chr13	31000000	32000000	0.431457
chr13	32000000	33000000	0.408197
chr13	33000000	34000000	0.404947
chr13	34000000	35000000	0.43646
chr13	35000000	36000000	0.425039
chr13	36000000	37000000	0.42166
chr13	37000000	38000000	0.441752
chr13	38000000	39000000	0.438931
chr13	39000000	40000000	0.39996279069767443
chr13	40000000	41000000	0.423379
chr13	41000000	42000000	0.435379
chr13	42000000	43000000	0.425212
chr13	43000000	44000000	0.449163
chr13	44000000	45000000	0.443614
chr13	45000000	46000000	0.443354
chr13	46000000	47000000	0.438776
chr13	47000000	48000000	0.427926
chr13	48000000	49000000	0.449826
chr13	49000000	50000000	0.450895
chr13	50000000	51000000	0.432333
chr13	51000000	52000000	0.470153
chr13	52000000	53000000	0.466707
chr13	53000000	54000000	0.458438
chr13	54000000	55000000	0.47896273917421955
chr13	55000000	56000000	0.472009
chr13	56000000	57000000	0.474717
chr13	57000000	58000000	0.455214
chr13	58000000	59000000	0.452841
chr13	59000000	60000000	0.453908
chr13	60000000	61000000	0.443275
chr13	61000000	62000000	0.396077
chr13	62000000	63000000	0.415893
chr13	63000000	64000000	0.436347
chr13	64000000	65000000	0.416419
chr13	65000000	66000000	0.40155
chr13	66000000	67000000	0.404702
chr13	67000000	68000000	0.411636
chr13	68000000	69000000	0.429884
chr13	69000000	70000000	0.442651
chr13	70000000	71000000	0.434567
chr13	71000000	72000000	0.425091
chr13	72000000	73000000	0.438465
chr13	73000000	74000000	0.463493
chr13	74000000	75000000	0.414547
chr13	75000000	76000000	0.398254
chr13	76000000	77000000	0.392043
chr13	77000000	78000000	0.383524
chr13	78000000	79000000	0.38858
chr13	79000000	80000000	0.370935
chr13	80000000	81000000	0.379683
chr13	81000000	82000000	0.401163
chr13	82000000	83000000	0.374016
chr13	83000000	84000000	0.380333
chr13	84000000	85000000	0.381766
chr13	85000000	86000000	0.378904
chr13	86000000	87000000	0.372387
chr13	87000000	88000000	0.368228
chr13	88000000	89000000	0.363472
chr13	89000000	90000000	0.372708
chr13	90000000	91000000	0.392514
chr13	91000000	92000000	0.41096210438714786
chr13	92000000	93000000	0.4296507795263859
chr13	93000000	94000000	0.424978
chr13	94000000	95000000	0.435854
chr13	95000000	96000000	0.445954
chr13	96000000	97000000	0.41473
chr13	97000000	98000000	0.441822
chr13	98000000	99000000	0.439725
chr13	99000000	100000000	0.446597
chr13	100000000	101000000	0.425559
chr13	101000000	102000000	0.415306
chr13	102000000	103000000	0.414136
chr13	103000000	104000000	0.423929
chr13	104000000	105000000	0.400807
chr13	105000000	106000000	0.387995
chr13	106000000	107000000	0.39623
chr13	107000000	108000000	0.430957
chr13	108000000	109000000	0.409093
chr13	109000000	110000000	0.403375
chr13	110000000	111000000	0.40506
chr13	111000000	112000000	0.428703
chr13	112000000	113000000	0.436636
chr13	113000000	114000000	0.434199
chr13	114000000	115000000	0.413709
chr13	115000000	116000000	0.379501
chr13	116000000	117000000	0.386759
chr13	117000000	118000000	0.385305
chr13	118000000	119000000	0.377531
chr13	119000000	120000000	0.41378
chr13	120000000	120421639	0.43071580249907504
chr14	0	1000000	
chr14	1000000	2000000	
chr14	2000000	3000000	
chr14	3000000	4000000	0.425537
chr14	4000000	5000000	0.423579
chr14	5000000	6000000	0.423959
chr14	6000000	7000000	0.422008
chr14	7000000	8000000	0.43344
chr14	8000000	9000000	0.425292
chr14	9000000	10000000	0.405722
chr14	10000000	11000000	0.399045
chr14	11000000	12000000	0.421673
chr14	12000000	13000000	0.420881
chr14	13000000	14000000	0.404293
chr14	14000000	15000000	0.409593
chr14	15000000	16000000	0.404094
chr14	16000000	17000000	0.409356
chr14	17000000	18000000	0.407548
chr14	18000000	19000000	0.417844
chr14	19000000	20000000	0.4253157894736842
chr14	20000000	21000000	0.441523
chr14	21000000	22000000	0.428455
chr14	22000000	23000000	0.426978
chr14	23000000	24000000	0.427603
chr14	24000000	25000000	0.46251960977730044
chr14	25000000	26000000	0.490052
chr14	26000000	27000000	0.42868447580645164
chr14	27000000	28000000	0.430864
chr14	28000000	29000000	0.425428
chr14	29000000	30000000	0.435692
chr14	30000000	31000000	0.455868
chr14	31000000	32000000	0.448946
chr14	32000000	33000000	0.45253
chr14	33000000	34000000	0.452378
chr14	34000000	35000000	0.451534
chr14	35000000	36000000	0.407636
chr14	36000000	37000000	0.398588
chr14	37000000	38000000	0.399251
chr14	38000000	39000000	0.377648
chr14	39000000	40000000	0.376841
chr14	40000000	41000000	0.400658
chr14	41000000	42000000	0.4178288888888889
chr14	42000000	43000000	0.41634777777777776
chr14	43000000	44000000	0.4166494736842105
chr14	44000000	45000000	0.414511
chr14	45000000	46000000	0.42194
chr14	46000000	47000000	0.43175
chr14	47000000	48000000	0.441309
chr14	48000000	49000000	0.437188
chr14	49000000	50000000	0.399939
chr14	50000000	51000000	0.401471
chr14	51000000	52000000	0.42133
chr14	52000000	53000000	0.418155
chr14	53000000	54000000	0.412308
chr14	54000000	55000000	0.462375
chr14	55000000	56000000	0.468953
chr14	56000000	57000000	0.418317
chr14	57000000	58000000	0.439826
chr14	58000000	59000000	0.423004
chr14	59000000	60000000	0.428085
chr14	60000000	61000000	0.445492
chr14	61000000	62000000	0.428798
chr14	62000000	63000000	0.433913
chr14	63000000	64000000	0.46399539198617595
chr14	64000000	65000000	0.447172
chr14	65000000	66000000	0.454439
chr14	66000000	67000000	0.44929
chr14	67000000	68000000	0.443021
chr14	68000000	69000000	0.407844
chr14	69000000	70000000	0.463673
chr14	70000000	71000000	0.471894
chr14	71000000	72000000	0.415018
chr14	72000000	73000000	0.421302
chr14	73000000	74000000	0.415198
chr14	74000000	75000000	0.409307
chr14	75000000	76000000	0.438338
chr14	76000000	77000000	0.444186
chr14	77000000	78000000	0.423594
chr14	78000000	79000000	0.424618
chr14	79000000	80000000	0.434356
chr14	80000000	81000000	0.391661
chr14	81000000	82000000	0.364886
chr14	82000000	83000000	0.364334
chr14	83000000	84000000	0.359469
chr14	84000000	85000000	0.363434
chr14	85000000	86000000	0.367491
chr14	86000000	87000000	0.392593
chr14	87000000	88000000	0.397596
chr14	88000000	89000000	0.365851
chr14	89000000	90000000	0.358674
chr14	90000000	91000000	0.360009
chr14	91000000	92000000	0.365109
chr14	92000000	93000000	0.366827
chr14	93000000	94000000	0.357549
chr14	94000000	95000000	0.363885
chr14	95000000	96000000	0.360035
chr14	96000000	97000000	0.365458
chr14	97000000	98000000	0.36444
chr14	98000000	99000000	0.381658
chr14	99000000	100000000	0.415021
chr14	100000000	101000000	0.396968
chr14	101000000	102000000	0.409325
chr14	102000000	103000000	0.396237
chr14	103000000	104000000	0.408055
chr14	104000000	105000000	0.400402
chr14	105000000	106000000	0.408943
chr14	106000000	107000000	0.382062
chr14	107000000	108000000	0.361726
chr14	108000000	109000000	0.358854
chr14	109000000	110000000	0.365204
chr14	110000000	111000000	0.365451
chr14	111000000	112000000	0.363042
chr14	112000000	113000000	0.362294
chr14	113000000	114000000	0.367677
chr14	114000000	115000000	0.384106
chr14	115000000	116000000	0.384818
chr14	116000000	117000000	0.38288
chr14	117000000	118000000	0.405689
chr14	118000000	119000000	0.451398
chr14	119000000	120000000	0.408848
chr14	120000000	121000000	0.439189
chr14	121000000	122000000	0.460411
chr14	122000000	123000000	0.431387
chr14	123000000	124000000	0.390187
chr14	124000000	124902244	0.3790230902318995
chr15	0	1000000	
chr15	1000000	2000000	
chr15	2000000	3000000	
chr15	3000000	4000000	0.39757157894736844
chr15	4000000	5000000	0.396832
chr15	5000000	6000000	0.399034
chr15	6000000	7000000	0.410607
chr15	7000000	8000000	0.431743
chr15	8000000	9000000	0.413345553838579
chr15	9000000	10000000	0.39490035511629745
chr15	10000000	11000000	0.417014
chr15	11000000	12000000	0.416492
chr15	12000000	13000000	0.448318
chr15	13000000	14000000	0.388392
chr15	14000000	15000000	0.368596
chr15	15000000	16000000	0.362597
chr15	16000000	17000000	0.361289
chr15	17000000	18000000	0.358741
chr15	18000000	19000000	0.3629
chr15	19000000	20000000	0.375287
chr15	20000000	21000000	0.366876
chr15	21000000	22000000	0.365424
chr15	22000000	23000000	0.366913
chr15	23000000	24000000	0.36567
chr15	24000000	25000000	0.378535
chr15	25000000	26000000	0.434411
chr15	26000000	27000000	0.40266
chr15	27000000	28000000	0.444319
chr15	28000000	29000000	0.400479
chr15	29000000	30000000	0.378078
chr15	30000000	31000000	0.406221
chr15	31000000	32000000	0.441249
chr15	32000000	33000000	0.410146
chr15	33000000	34000000	0.396865
chr15	34000000	35000000	0.421826
chr15	35000000	36000000	0.400116
chr15	36000000	37000000	0.450214
chr15	37000000	38000000	0.440886
chr15	38000000	39000000	0.45028745449273117
chr15	39000000	40000000	0.399937
chr15	40000000	41000000	0.388591
chr15	41000000	42000000	0.392723
chr15	42000000	43000000	0.381464
chr15	43000000	44000000	0.381206
chr15	44000000	45000000	0.384683
chr15	45000000	46000000	0.372022
chr15	46000000	47000000	0.365098
chr15	47000000	48000000	0.361518
chr15	48000000	49000000	0.357486
chr15	49000000	50000000	0.365885
chr15	50000000	51000000	0.371221
chr15	51000000	52000000	0.396303
chr15	52000000	53000000	0.399522
chr15	53000000	54000000	0.405353
chr15	54000000	55000000	0.398659
chr15	55000000	56000000	0.419897
chr15	56000000	57000000	0.390561
chr15	57000000	58000000	0.417568
chr15	58000000	59000000	0.441963
chr15	59000000	60000000	0.449243
chr15	60000000	61000000	0.400425
chr15	61000000	62000000	0.401202
chr15	62000000	63000000	0.411075
chr15	63000000	64000000	0.402249
chr15	64000000	65000000	0.428636
chr15	65000000	66000000	0.396455
chr15	66000000	67000000	0.425753
chr15	67000000	68000000	0.416593
chr15	68000000	69000000	0.424079
chr15	69000000	70000000	0.390133
chr15	70000000	71000000	0.377155
chr15	71000000	72000000	0.404324
chr15	72000000	73000000	0.443257
chr15	73000000	74000000	0.477853
chr15	74000000	75000000	0.49361
chr15	75000000	76000000	0.467922
chr15	76000000	77000000	0.501973
chr15	77000000	78000000	0.46758
chr15	78000000	79000000	0.513905
chr15	79000000	80000000	0.502221
chr15	80000000	81000000	0.474696
chr15	81000000	82000000	0.459637
chr15	82000000	83000000	0.464927
chr15	83000000	84000000	0.497758
chr15	84000000	85000000	0.501192
chr15	85000000	86000000	0.481277
chr15	86000000	87000000	0.481558
chr15	87000000	88000000	0.463047
chr15	88000000	89000000	0.467681
chr15	89000000	90000000	0.454741
chr15	90000000	91000000	0.402799
chr15	91000000	92000000	0.411541
chr15	92000000	93000000	0.405389
chr15	93000000	94000000	0.43386
chr15	94000000	95000000	0.421483
chr15	95000000	96000000	0.426124
chr15	96000000	97000000	0.44033
chr15	97000000	98000000	0.47114
chr15	98000000	99000000	0.468132
chr15	99000000	100000000	0.479814
chr15	100000000	101000000	0.470229
chr15	101000000	102000000	0.490149
chr15	102000000	103000000	0.462496
chr15	103000000	104000000	0.438579271056593
chr15	104000000	104043685	
chr16	0	1000000	
chr16	1000000	2000000	
chr16	2000000	3000000	
chr16	3000000	4000000	0.41879684210526313
chr16	4000000	5000000	0.459876
chr16	5000000	6000000	0.4615
chr16	6000000	7000000	0.419372
chr16	7000000	8000000	0.415597
chr16	8000000	9000000	0.448113
chr16	9000000	10000000	0.436058
chr16	10000000	11000000	0.470536
chr16	11000000	12000000	0.45644
chr16	12000000	13000000	0.423377
chr16	13000000	14000000	0.440624
chr16	14000000	15000000	0.422905
chr16	15000000	16000000	0.40633
chr16	16000000	17000000	0.407155
chr16	17000000	18000000	0.46351
chr16	18000000	19000000	0.4780043460304222
chr16	19000000	20000000	0.3952997905995812
chr16	20000000	21000000	0.44388444388444387
chr16	21000000	22000000	0.449576
chr16	22000000	23000000	0.447074
chr16	23000000	24000000	0.435057
chr16	24000000	25000000	0.421153
chr16	25000000	26000000	0.401912
chr16	26000000	27000000	0.393162
chr16	27000000	28000000	0.379734
chr16	28000000	29000000	0.406025
chr16	29000000	30000000	0.431366
chr16	30000000	31000000	0.464621
chr16	31000000	32000000	0.442999
chr16	32000000	33000000	0.445209
chr16	33000000	34000000	0.449651
chr16	34000000	35000000	0.453244
chr16	35000000	36000000	0.459279
chr16	36000000	37000000	0.416072
chr16	37000000	38000000	0.408991
chr16	38000000	39000000	0.437261
chr16	39000000	40000000	0.391164
chr16	40000000	41000000	0.373555
chr16	41000000	42000000	0.380616
chr16	42000000	43000000	0.393113
chr16	43000000	44000000	0.402222
chr16	44000000	45000000	0.422282
chr16	45000000	46000000	0.406541
chr16	46000000	47000000	0.394023
chr16	47000000	48000000	0.378118
chr16	48000000	49000000	0.403968
chr16	49000000	50000000	0.400317
chr16	50000000	51000000	0.404065
chr16	51000000	52000000	0.381354
chr16	52000000	53000000	0.381805
chr16	53000000	54000000	0.364064
chr16	54000000	55000000	0.365489
chr16	55000000	56000000	0.400324
chr16	56000000	57000000	0.402571
chr16	57000000	58000000	0.409365
chr16	58000000	59000000	0.398954
chr16	59000000	60000000	0.390453
chr16	60000000	61000000	0.368337
chr16	61000000	62000000	0.361311
chr16	62000000	63000000	0.3856
chr16	63000000	64000000	0.371718
chr16	64000000	65000000	0.38448
chr16	65000000	66000000	0.3843108108108108
chr16	66000000	67000000	0.368449
chr16	67000000	68000000	0.357031
chr16	68000000	69000000	0.357614
chr16	69000000	70000000	0.361754
chr16	70000000	71000000	0.382299
chr16	71000000	72000000	0.365907
chr16	72000000	73000000	0.380414
chr16	73000000	74000000	0.384773
chr16	74000000	75000000	0.368684
chr16	75000000	76000000	0.375052
chr16	76000000	77000000	0.40457
chr16	77000000	78000000	0.37818
chr16	78000000	79000000	0.406068
chr16	79000000	80000000	0.368048
chr16	80000000	81000000	0.362342
chr16	81000000	82000000	0.362991
chr16	82000000	83000000	0.361816
chr16	83000000	84000000	0.366237
chr16	84000000	85000000	0.395787
chr16	85000000	86000000	0.403508
chr16	86000000	87000000	0.376475
chr16	87000000	88000000	0.422128
chr16	88000000	89000000	0.388887
chr16	89000000	90000000	0.419179
chr16	90000000	91000000	0.464205
chr16	91000000	92000000	0.46278
chr16	92000000	93000000	0.468723
chr16	93000000	94000000	0.462191
chr16	94000000	95000000	0.458245
chr16	95000000	96000000	0.457687
chr16	96000000	97000000	0.443823
chr16	97000000	98000000	0.446359
chr16	98000000	98207768	0.3999424690074976
chr17	0	1000000	
chr17	1000000	2000000	
chr17	2000000	3000000	
chr17	3000000	4000000	0.4210199546771372
chr17	4000000	5000000	0.419002
chr17	5000000	6000000	0.464897
chr17	6000000	7000000	0.4638634638634639
chr17	7000000	8000000	0.46269894736842104
chr17	8000000	9000000	0.46215
chr17	9000000	10000000	0.42234242234242236
chr17	10000000	11000000	0.419654
chr17	11000000	12000000	0.424885
chr17	12000000	13000000	0.46027
chr17	13000000	14000000	0.4560484780157835
chr17	14000000	15000000	0.446795
chr17	15000000	16000000	0.430809
chr17	16000000	17000000	0.381556
chr17	17000000	18000000	0.397603
chr17	18000000	19000000	0.376244
chr17	19000000	20000000	0.369499
chr17	20000000	21000000	0.373866
chr17	21000000	22000000	0.40375293606090334
chr17	22000000	23000000	0.391306
chr17	23000000	24000000	0.43291
chr17	24000000	25000000	0.483187
chr17	25000000	26000000	0.511605
chr17	26000000	27000000	0.478089
chr17	27000000	28000000	0.512805
chr17	28000000	29000000	0.493039
chr17	29000000	30000000	0.493443
chr17	30000000	31000000	0.453303
chr17	31000000	32000000	0.489441
chr17	32000000	33000000	0.453491
chr17	33000000	34000000	0.438312
chr17	34000000	35000000	0.489927
chr17	35000000	36000000	0.489329
chr17	36000000	37000000	0.440058
chr17	37000000	38000000	0.396926
chr17	38000000	39000000	0.372297
chr17	39000000	40000000	0.373548
chr17	40000000	41000000	0.380914
chr17	41000000	42000000	0.378529
chr17	42000000	43000000	0.400233
chr17	43000000	44000000	0.435495
chr17	44000000	45000000	0.430938
chr17	45000000	46000000	0.477413
chr17	46000000	47000000	0.490082
chr17	47000000	48000000	0.486361
chr17	48000000	49000000	0.46966356336529513
chr17	49000000	50000000	0.459462
chr17	50000000	51000000	0.427185
chr17	51000000	52000000	0.404565
chr17	52000000	53000000	0.39603
chr17	53000000	54000000	0.410639
chr17	54000000	55000000	0.38633961621494367
chr17	55000000	56000000	0.397361
chr17	56000000	57000000	0.513909
chr17	57000000	58000000	0.429455
chr17	58000000	59000000	0.393021
chr17	59000000	60000000	0.367052
chr17	60000000	61000000	0.364492
chr17	61000000	62000000	0.364864
chr17	62000000	63000000	0.398444
chr17	63000000	64000000	0.414095
chr17	64000000	65000000	0.41856
chr17	65000000	66000000	0.424505
chr17	66000000	67000000	0.447406
chr17	67000000	68000000	0.443164
chr17	68000000	69000000	0.420557
chr17	69000000	70000000	0.421023
chr17	70000000	71000000	0.422873
chr17	71000000	72000000	0.438828
chr17	72000000	73000000	0.437146
chr17	73000000	74000000	0.441925
chr17	74000000	75000000	0.419693
chr17	75000000	76000000	0.413125
chr17	76000000	77000000	0.372281
chr17	77000000	78000000	0.374157
chr17	78000000	79000000	0.42433
chr17	79000000	80000000	0.426412
chr17	80000000	81000000	0.433793
chr17	81000000	82000000	0.40163
chr17	82000000	83000000	0.387503
chr17	83000000	84000000	0.461326
chr17	84000000	85000000	0.451463
chr17	85000000	86000000	0.448555
chr17	86000000	87000000	0.459285
chr17	87000000	88000000	0.467201
chr17	88000000	89000000	0.433474
chr17	89000000	90000000	0.386982
chr17	90000000	91000000	0.373214
chr17	91000000	92000000	0.369454
chr17	92000000	93000000	0.368356
chr17	93000000	94000000	0.375063
chr17	94000000	94987271	0.38967125038460626
chr18	0	1000000	
chr18	1000000	2000000	
chr18	2000000	3000000	
chr18	3000000	4000000	0.413886
chr18	4000000	5000000	0.433555
chr18	5000000	6000000	0.429413
chr18	6000000	7000000	0.416272
chr18	7000000	8000000	0.404402
chr18	8000000	9000000	0.399848
chr18	9000000	10000000	0.410553
chr18	10000000	11000000	0.406621
chr18	11000000	12000000	0.4300102900308701
chr18	12000000	13000000	0.444948
chr18	13000000	14000000	0.42488742488742487
chr18	14000000	15000000	0.416854
chr18	15000000	16000000	0.41299
chr18	16000000	17000000	0.390217
chr18	17000000	18000000	0.374535
chr18	18000000	19000000	0.368334
chr18	19000000	20000000	0.374
chr18	20000000	21000000	0.413241
chr18	21000000	22000000	0.407812
chr18	22000000	23000000	0.387234
chr18	23000000	24000000	0.407191
chr18	24000000	25000000	0.44257
chr18	25000000	26000000	0.431324
chr18	26000000	27000000	0.384113
chr18	27000000	28000000	0.37596
chr18	28000000	29000000	0.378818
chr18	29000000	30000000	0.381673
chr18	30000000	31000000	0.398435
chr18	31000000	32000000	0.407428
chr18	32000000	33000000	0.426365
chr18	33000000	34000000	0.419014
chr18	34000000	35000000	0.441913
chr18	35000000	36000000	0.451118
chr18	36000000	37000000	0.44015
chr18	37000000	38000000	0.418817
chr18	38000000	39000000	0.465891
chr18	39000000	40000000	0.420443
chr18	40000000	41000000	0.392141
chr18	41000000	42000000	0.395529
chr18	42000000	43000000	0.424269
chr18	43000000	44000000	0.401504
chr18	44000000	45000000	0.407897
chr18	45000000	46000000	0.396092
chr18	46000000	47000000	0.423487
chr18	47000000	48000000	0.416121
chr18	48000000	49000000	0.373447
chr18	49000000	50000000	0.392445
chr18	50000000	51000000	0.396408
chr18	51000000	52000000	0.371929
chr18	52000000	53000000	0.401059
chr18	53000000	54000000	0.423577
chr18	54000000	55000000	0.412896
chr18	55000000	56000000	0.402406
chr18	56000000	57000000	0.426219
chr18	57000000	58000000	0.420129
chr18	58000000	59000000	0.405569
chr18	59000000	60000000	0.3887623887623888
chr18	60000000	61000000	0.44833
chr18	61000000	62000000	0.47192
chr18	62000000	63000000	0.426804
chr18	63000000	64000000	0.4168
chr18	64000000	65000000	0.436502
chr18	65000000	66000000	0.451704
chr18	66000000	67000000	0.423032
chr18	67000000	68000000	0.440886
chr18	68000000	69000000	0.422607
chr18	69000000	70000000	0.417895
chr18	70000000	71000000	0.401816
chr18	71000000	72000000	0.373428
chr18	72000000	73000000	0.381539
chr18	73000000	74000000	0.431567
chr18	74000000	75000000	0.456851
chr18	75000000	76000000	0.474364
chr18	76000000	77000000	0.46105473684210524
chr18	77000000	78000000	0.45223157894736843
chr18	78000000	79000000	0.429489
chr18	79000000	80000000	0.400569
chr18	80000000	81000000	0.468031
chr18	81000000	82000000	0.446166
chr18	82000000	83000000	0.4599136842105263
chr18	83000000	84000000	0.440491
chr18	84000000	85000000	0.432865
chr18	85000000	86000000	0.391652
chr18	86000000	87000000	0.375278
chr18	87000000	88000000	0.367856
chr18	88000000	89000000	0.377321
chr18	89000000	90000000	0.37305
chr18	90000000	90702639	0.3870343605375689
chr19	0	1000000	
chr19	1000000	2000000	
chr19	2000000	3000000	
chr19	3000000	4000000	0.461447
chr19	4000000	5000000	0.47602
chr19	5000000	6000000	0.494268
chr19	6000000	7000000	0.5077480012352881
chr19	7000000	8000000	0.449462
chr19	8000000	9000000	0.431606
chr19	9000000	10000000	0.415438
chr19	10000000	11000000	0.48732
chr19	11000000	12000000	0.409172
chr19	12000000	13000000	0.400457
chr19	13000000	14000000	0.378935
chr19	14000000	15000000	0.397015
chr19	15000000	16000000	0.40819
chr19	16000000	17000000	0.414584
chr19	17000000	18000000	0.417993
chr19	18000000	19000000	0.407413
chr19	19000000	20000000	0.375529
chr19	20000000	21000000	0.384989
chr19	21000000	22000000	0.417317
chr19	22000000	23000000	0.405514
chr19	23000000	24000000	0.428968
chr19	24000000	25000000	0.438165
chr19	25000000	26000000	0.442645
chr19	26000000	27000000	0.419887
chr19	27000000	28000000	0.411261
chr19	28000000	29000000	0.426636
chr19	29000000	30000000	0.42275
chr19	30000000	31000000	0.404474
chr19	31000000	32000000	0.397743
chr19	32000000	33000000	0.426401
chr19	33000000	34000000	0.388533
chr19	34000000	35000000	0.411214
chr19	35000000	36000000	0.390833
chr19	36000000	37000000	0.419545
chr19	37000000	38000000	0.434103
chr19	38000000	39000000	0.428068
chr19	39000000	40000000	0.389816
chr19	40000000	41000000	0.434116
chr19	41000000	42000000	0.458946
chr19	42000000	43000000	0.464043
chr19	43000000	44000000	0.429121
chr19	44000000	45000000	0.462168
chr19	45000000	46000000	0.4683
chr19	46000000	47000000	0.467372
chr19	47000000	48000000	0.473057
chr19	48000000	49000000	0.422065
chr19	49000000	50000000	0.383495
chr19	50000000	51000000	0.391542
chr19	51000000	52000000	0.378132
chr19	52000000	53000000	0.398817
chr19	53000000	54000000	0.45362
chr19	54000000	55000000	0.423099
chr19	55000000	56000000	0.454318
chr19	56000000	57000000	0.465606
chr19	57000000	58000000	0.441711
chr19	58000000	59000000	0.449871
chr19	59000000	60000000	0.43697
chr19	60000000	61000000	0.41765
chr19	61000000	61431566	0.41793790678175685
chrM	0	16299	0.3674458555739616
chrX	0	1000000	
chrX	1000000	2000000	
chrX	2000000	3000000	
chrX	3000000	4000000	0.40383226865726474
chrX	4000000	5000000	0.4023618284988857
chrX	5000000	6000000	0.40472493441512186
chrX	6000000	7000000	0.3979534311271935
chrX	7000000	8000000	0.440104
chrX	8000000	9000000	0.431496
chrX	9000000	10000000	0.407079
chrX	10000000	11000000	0.399992
chrX	11000000	12000000	0.449758
chrX	12000000	13000000	0.450893
chrX	13000000	14000000	0.4055
chrX	14000000	15000000	0.387427
chrX	15000000	16000000	0.382804
chrX	16000000	17000000	0.387081
chrX	17000000	18000000	0.396498
chrX	18000000	19000000	0.389311
chrX	19000000	20000000	0.39103
chrX	20000000	21000000	0.41222
chrX	21000000	22000000	0.392621
chrX	22000000	23000000	0.382055
chrX	23000000	24000000	0.384155
chrX	24000000	25000000	0.39286777777777776
chrX	25000000	26000000	0.3931270588235294
chrX	26000000	27000000	0.390631
chrX	27000000	28000000	0.39379
chrX	28000000	29000000	0.3932473684210526
chrX	29000000	30000000	0.39392823529411763
chrX	30000000	31000000	0.39660555555555554
chrX	31000000	32000000	0.40079432990522934
chrX	32000000	33000000	0.40435
chrX	33000000	34000000	0.40429894736842104
chrX	34000000	35000000	0.4019323076923077
chrX	35000000	36000000	0.3994
chrX	36000000	37000000	0.415214
chrX	37000000	38000000	0.4337319248127262
chrX	38000000	39000000	0.412894
chrX	39000000	40000000	0.377966
chrX	40000000	41000000	0.369618
chrX	41000000	42000000	0.386725
chrX	42000000	43000000	0.383669
chrX	43000000	44000000	0.367118
chrX	44000000	45000000	0.368194
chrX	45000000	46000000	0.366028
chrX	46000000	47000000	0.370245
chrX	47000000	48000000	0.390819
chrX	48000000	49000000	0.428945
chrX	49000000	50000000	0.391076
chrX	50000000	51000000	0.40057
chrX	51000000	52000000	0.405892
chrX	52000000	53000000	0.408775
chrX	53000000	54000000	0.41442222222222225
chrX	54000000	55000000	0.38221666666666665
chrX	55000000	56000000	0.3850936842105263
chrX	56000000	57000000	0.40818048998538986
chrX	57000000	58000000	0.406622
chrX	58000000	59000000	0.396596
chrX	59000000	60000000	0.38292
chrX	60000000	61000000	0.39676251318281414
chrX	61000000	62000000	0.385224
chrX	62000000	63000000	0.381299
chrX	63000000	64000000	0.366318
chrX	64000000	65000000	0.371785
chrX	65000000	66000000	0.374608
chrX	66000000	67000000	0.375146
chrX	67000000	68000000	0.377565
chrX	68000000	69000000	0.384427
chrX	69000000	70000000	0.378871
chrX	70000000	71000000	0.408889
chrX	71000000	72000000	0.419155
chrX	72000000	73000000	0.399767
chrX	73000000	74000000	0.459248
chrX	74000000	75000000	0.436166
chrX	75000000	76000000	0.399916
chrX	76000000	77000000	0.393493
chrX	77000000	78000000	0.405589
chrX	78000000	79000000	0.384275
chrX	79000000	80000000	0.376402
chrX	80000000	81000000	0.377545
chrX	81000000	82000000	0.374948
chrX	82000000	83000000	0.374451
chrX	83000000	84000000	0.357141
chrX	84000000	85000000	0.362166
chrX	85000000	86000000	0.391196
chrX	86000000	87000000	0.385111
chrX	87000000	88000000	0.351525
chrX	88000000	89000000	0.372244
chrX	89000000	90000000	0.373643
chrX	90000000	91000000	0.373806
chrX	91000000	92000000	0.385998
chrX	92000000	93000000	0.380626
chrX	93000000	94000000	0.40227
chrX	94000000	95000000	0.41765157894736843
chrX	95000000	96000000	0.399829
chrX	96000000	97000000	0.387961
chrX	97000000	98000000	0.382358
chrX	98000000	99000000	0.387308
chrX	99000000	100000000	0.453614
chrX	100000000	101000000	0.403235
chrX	101000000	102000000	0.433222
chrX	102000000	103000000	0.428949
chrX	103000000	104000000	0.418241
chrX	104000000	105000000	0.392761
chrX	105000000	106000000	0.40342
chrX	106000000	107000000	0.393176
chrX	107000000	108000000	0.373876
chrX	108000000	109000000	0.378995
chrX	109000000	110000000	0.379158
chrX	110000000	111000000	0.369173
chrX	111000000	112000000	0.3696422223277261
chrX	112000000	113000000	0.375487
chrX	113000000	114000000	0.367266
chrX	114000000	115000000	0.372944
chrX	115000000	116000000	0.37146
chrX	116000000	117000000	0.369442
chrX	117000000	118000000	0.365812
chrX	118000000	119000000	0.367306
chrX	119000000	120000000	0.367505
chrX	120000000	121000000	0.356422
chrX	121000000	122000000	0.376552
chrX	122000000	123000000	0.372601
chrX	123000000	124000000	0.390538
chrX	124000000	125000000	0.3819517647058824
chrX	125000000	126000000	0.38692923076923075
chrX	126000000	127000000	0.37618526315789474
chrX	127000000	128000000	0.37859098121328333
chrX	128000000	129000000	0.368631
chrX	129000000	130000000	0.372101
chrX	130000000	131000000	0.371981
chrX	131000000	132000000	0.371902
chrX	132000000	133000000	0.366324
chrX	133000000	134000000	0.384617
chrX	134000000	135000000	0.414307
chrX	135000000	136000000	0.409597
chrX	136000000	137000000	0.40878
chrX	137000000	138000000	0.388922
chrX	138000000	139000000	0.372747
chrX	139000000	140000000	0.394414
chrX	140000000	141000000	0.41777018752851347
chrX	141000000	142000000	0.3879939610004797
chrX	142000000	143000000	0.406412
chrX	143000000	144000000	0.397732
chrX	144000000	145000000	0.395154
chrX	145000000	146000000	0.385176
chrX	146000000	147000000	0.365576
chrX	147000000	148000000	0.3871
chrX	148000000	149000000	0.406853
chrX	149000000	150000000	0.407431
chrX	150000000	151000000	0.413016
chrX	151000000	152000000	0.399576
chrX	152000000	153000000	0.418746
chrX	153000000	154000000	0.399766
chrX	154000000	155000000	0.392399
chrX	155000000	156000000	0.387194
chrX	156000000	157000000	0.373178
chrX	157000000	158000000	0.39181
chrX	158000000	159000000	0.383625
chrX	159000000	160000000	0.408816
chrX	160000000	161000000	0.403466
chrX	161000000	162000000	0.401992
chrX	162000000	163000000	0.41514
chrX	163000000	164000000	0.407703
chrX	164000000	165000000	0.403848
chrX	165000000	166000000	0.383055
chrX	166000000	167000000	0.408985
chrX	167000000	168000000	0.39831
chrX	168000000	169000000	0.395812
chrX	169000000	170000000	0.382822
chrX	170000000	171000000	0.521732838787805
chrX	171000000	171031299	
chrY	0	1000000	0.39738813559322034
chrY	1000000	2000000	0.383648
chrY	2000000	3000000	0.3943779965425328
chrY	3000000	4000000	0.3989829121446525
chrY	4000000	5000000	0.38507446808510637
chrY	5000000	6000000	0.38634
chrY	6000000	7000000	0.387763
chrY	7000000	8000000	0.386143
chrY	8000000	9000000	0.387411
chrY	9000000	10000000	0.384486
chrY	10000000	11000000	0.388782
chrY	11000000	12000000	0.38652553191489364
chrY	12000000	13000000	0.3813407258064516
chrY	13000000	14000000	0.390324
chrY	14000000	15000000	0.385589
chrY	15000000	16000000	0.388963
chrY	16000000	17000000	0.387636170212766
chrY	17000000	18000000	0.381154
chrY	18000000	19000000	0.3886405529953917
chrY	19000000	20000000	0.386872
chrY	20000000	21000000	0.38956
chrY	21000000	22000000	0.39182105263157896
chrY	22000000	23000000	0.3904697336561743
chrY	23000000	24000000	0.3867
chrY	24000000	25000000	0.390119
chrY	25000000	26000000	0.390014
chrY	26000000	27000000	0.390703
chrY	27000000	28000000	0.389869
chrY	28000000	29000000	0.388168
chrY	29000000	30000000	0.38994
chrY	30000000	31000000	0.38996
chrY	31000000	32000000	0.391284
chrY	32000000	33000000	0.390898
chrY	33000000	34000000	0.389289
chrY	34000000	35000000	0.389052
chrY	35000000	36000000	0.390177
chrY	36000000	37000000	0.38992954135762226
chrY	37000000	38000000	0.3890710860252427
chrY	38000000	39000000	0.387569
chrY	39000000	40000000	0.384559
chrY	40000000	41000000	0.390998
chrY	41000000	42000000	0.388607
chrY	42000000	43000000	0.38897
chrY	43000000	44000000	0.387613
chrY	44000000	45000000	0.385557
chrY	45000000	46000000	0.387668
chrY	46000000	47000000	0.39037444444444447
chrY	47000000	48000000	0.389023
chrY	48000000	49000000	0.389976
chrY	49000000	50000000	0.38730333333333333
chrY	50000000	51000000	0.389347
chrY	51000000	52000000	0.390635
chrY	52000000	53000000	0.39073105656350055
chrY	53000000	54000000	0.386509
chrY	54000000	55000000	0.388304
chrY	55000000	56000000	0.388886
chrY	56000000	57000000	0.39032962962962964
chrY	57000000	58000000	0.38994637223974765
chrY	58000000	59000000	0.392668
chrY	59000000	60000000	0.389306
chrY	60000000	61000000	0.388976
chrY	61000000	62000000	0.390035
chrY	62000000	63000000	0.389774
chrY	63000000	64000000	0.3908051391862955
chrY	64000000	65000000	0.38786
chrY	65000000	66000000	0.3891298969072165
chrY	66000000	67000000	0.3902799525504152
chrY	67000000	68000000	0.389485
chrY	68000000	69000000	0.391007
chrY	69000000	70000000	0.3871468988030468
chrY	70000000	71000000	0.389492
chrY	71000000	72000000	0.390183
chrY	72000000	73000000	0.386936
chrY	73000000	74000000	0.387798
chrY	74000000	75000000	0.388085
chrY	75000000	76000000	0.390022
chrY	76000000	77000000	0.391436
chrY	77000000	78000000	0.388843
chrY	78000000	79000000	0.388858
chrY	79000000	80000000	0.386352
chrY	80000000	81000000	0.389817
chrY	81000000	82000000	0.389975
chrY	82000000	83000000	0.387357
chrY	83000000	84000000	0.384357
chrY	84000000	85000000	0.390914
chrY	85000000	86000000	0.385422
chrY	86000000	87000000	0.389185
chrY	87000000	88000000	0.39293298969072166
chrY	88000000	89000000	0.391025
chrY	89000000	90000000	0.384211
chrY	90000000	91000000	0.4015387748047231
chrY	91000000	91744698	
